{"type": "FeatureCollection", "features": [{"type": "Feature", "properties": {"district": "Chamba", "DISTRICT": "Chamba", "STATE_UT": "HIMACHAL PRADESH"}, "geometry": {"type": "MultiPolygon", "coordinates": [[[[76.572659226, 33.206334104], [76.576289962, 33.206087583], [76.578161569, 33.206151429], [76.579705892, 33.206521619], [76.581320041, 33.206675446], [76.583373998, 33.206617578], [76.585208161, 33.206460386], [76.587010106, 33.206307635], [76.588292007, 33.20584368], [76.59045898, 33.204888517], [76.591118615, 33.204857176], [76.591997857, 33.205258624], [76.593209704, 33.205845019], [76.594973945, 33.206188031], [76.59589107, 33.205908777], [76.597323227, 33.204984835], [76.599007526, 33.203533561], [76.599227479, 33.203069249], [76.5979469, 33.199426376], [76.597250672, 33.196802403], [76.597175888, 33.1957204], [76.597230299, 33.193051524], [76.597670437, 33.191694605], [76.598625243, 33.190274708], [76.600609541, 33.188791873], [76.601344131, 33.18860719], [76.601928458, 33.188823694], [76.602700449, 33.189567716], [76.603761799, 33.19039738], [76.604936089, 33.190614021], [76.60530575, 33.19056248], [76.606260414, 33.190429368], [76.608019226, 33.189938225], [76.608303565, 33.189766756], [76.609708408, 33.188919554], [76.611065106, 33.187341769], [76.612019767, 33.185213989], [76.612020066, 33.18302299], [76.61161819, 33.181260174], [76.611806067, 33.179894208], [76.611988836, 33.176404859], [76.612133858, 33.174245443], [76.612573568, 33.173379816], [76.614814605, 33.171959903], [76.618079352, 33.170107281], [76.623381019, 33.166906523], [76.62543403, 33.166135604], [76.626350679, 33.166009367], [76.626814274, 33.166042657], [76.627669345, 33.166104055], [76.62957762, 33.165824404], [76.633286839, 33.164683637], [76.635227129, 33.163601451], [76.636620649, 33.162740256], [76.639407727, 33.161657965], [76.641058533, 33.161563075], [76.642639816, 33.161621497], [76.64443555, 33.161869161], [76.645577286, 33.162333327], [76.645757855, 33.162465281], [76.646971201, 33.163351947], [76.648365114, 33.163996369], [76.649940951, 33.164059187], [76.651629342, 33.163937053], [76.652806281, 33.163783305], [76.654014588, 33.163625449], [76.655000886, 33.163751499], [76.655992723, 33.164337327], [76.656517588, 33.164899941], [76.657317239, 33.165757087], [76.658673908, 33.167145201], [76.660143117, 33.168010432], [76.661939223, 33.168870921], [76.663304191, 33.170402355], [76.664143347, 33.171124442], [76.664433839, 33.171220123], [76.664613654, 33.171275618], [76.666893303, 33.170907096], [76.669323669, 33.170782075], [76.671658768, 33.170661919], [76.673899696, 33.170904528], [76.676529463, 33.171487933], [76.678483622, 33.171921425], [76.680209971, 33.172321916], [76.681641556, 33.172695433], [76.684145429, 33.173275835], [76.685903958, 33.173522948], [76.688292686, 33.173544811], [76.689168697, 33.17355282], [76.690819651, 33.173362751], [76.692765335, 33.172901703], [76.694673435, 33.172589583], [76.696801741, 33.172714626], [76.699627319, 33.173172818], [76.700542165, 33.173479908], [76.70201354, 33.173973794], [76.704362757, 33.175270709], [76.70725913, 33.176873826], [76.708214727, 33.178203029], [76.708473699, 33.179897929], [76.708769112, 33.180546993], [76.709321513, 33.180699846], [76.710602514, 33.180392392], [76.714873264, 33.180416182], [76.715631367, 33.180420394], [76.717068415, 33.180631179], [76.718940004, 33.181125711], [76.718941503, 33.181126517], [76.719970009, 33.181679465], [76.72073643, 33.181494003], [76.721156515, 33.181218512], [76.722574038, 33.180288878], [76.726018607, 33.177937299], [76.727963421, 33.176885276], [76.728949627, 33.176699599], [76.731266011, 33.17706728], [76.733389442, 33.177498299], [76.737099711, 33.177806048], [76.740879845, 33.178266923], [76.743555413, 33.178539345], [76.746053575, 33.178415223], [76.746820144, 33.178414477], [76.747008218, 33.178720809], [76.74695081, 33.179190544], [76.748301807, 33.179359873], [76.748476686, 33.177925129], [76.748437273, 33.177872128], [76.749243007, 33.177448412], [76.749425356, 33.176822269], [76.749248698, 33.175736905], [76.748533808, 33.174728449], [76.747881795, 33.173451263], [76.747558651, 33.171956903], [76.746711606, 33.170725936], [76.74574922, 33.168534268], [76.745550282, 33.166547431], [76.745647449, 33.165288558], [76.745547736, 33.163529357], [76.745254764, 33.162711364], [76.744906888, 33.160961716], [76.744043449, 33.15903299], [76.743996184, 33.158851647], [76.743049804, 33.156801379], [76.743484072, 33.156631841], [76.745919287, 33.154349117], [76.747466502, 33.152969196], [76.748646843, 33.151352754], [76.748777213, 33.150680244], [76.748727315, 33.147480676], [76.748366312, 33.145534793], [76.748521307, 33.143766165], [76.748711156, 33.141759215], [76.74878023, 33.141310424], [76.748785926, 33.139598727], [76.748516356, 33.138105523], [76.747892587, 33.136018001], [76.74698256, 33.134062562], [76.746302341, 33.132465202], [76.74620159, 33.132282536], [76.746315863, 33.130528401], [76.744112876, 33.129213005], [76.742314461, 33.12858325], [76.741432877, 33.126811662], [76.741580308, 33.125051317], [76.740744336, 33.122913423], [76.739201724, 33.119541779], [76.739170829, 33.11580174], [76.739654897, 33.114191755], [76.739267608, 33.113010892], [76.738132725, 33.110234827], [76.736544679, 33.10663664], [76.736297581, 33.106044877], [76.73583932, 33.103826003], [76.736102851, 33.100858934], [76.736501432, 33.09708418], [76.736597075, 33.095870059], [76.737376578, 33.093456257], [76.738197035, 33.09140388], [76.738077681, 33.089697326], [76.737738402, 33.087653011], [76.737349657, 33.086517065], [76.736729478, 33.084339136], [76.736309146, 33.08257161], [76.736489856, 33.081990318], [76.737363869, 33.080445185], [76.738429569, 33.078523557], [76.739434127, 33.077331694], [76.739636658, 33.076120125], [76.74027585, 33.073116973], [76.740332436, 33.073028247], [76.740454831, 33.071321279], [76.741422702, 33.069360268], [76.742412668, 33.067041538], [76.743390122, 33.065082949], [76.743807996, 33.063831557], [76.744951531, 33.060164765], [76.745328376, 33.058551867], [76.746023903, 33.0554598], [76.746801901, 33.05462274], [76.746935494, 33.053893589], [76.747796351, 33.053095112], [76.749372999, 33.051441431], [76.749993692, 33.050510369], [76.750164951, 33.050199141], [76.750615931, 33.04953428], [76.751286947, 33.048694565], [76.751615454, 33.048477308], [76.752429715, 33.048136765], [76.753465564, 33.04757634], [76.753957534, 33.047272958], [76.753971825, 33.046747611], [76.753994776, 33.046554596], [76.753919061, 33.046404782], [76.753674296, 33.045826048], [76.753131243, 33.044932236], [76.752518175, 33.043907961], [76.752185603, 33.043269742], [76.751747284, 33.042690619], [76.751730019, 33.042571969], [76.752064994, 33.042350231], [76.752170811, 33.042280222], [76.751740289, 33.041766217], [76.751744955, 33.041631146], [76.752073439, 33.041413884], [76.752346918, 33.041240335], [76.753126332, 33.040358185], [76.75357415, 33.039783344], [76.754034398, 33.038848308], [76.754555806, 33.037193433], [76.755755991, 33.035465708], [76.757055849, 33.035001829], [76.758564834, 33.034678242], [76.75980036, 33.034528207], [76.759782609, 33.033491328], [76.759914191, 33.032849158], [76.759871454, 33.03250565], [76.759952799, 33.032380668], [76.759932963, 33.03223324], [76.760532175, 33.031004597], [76.760887239, 33.029815746], [76.761286375, 33.028661263], [76.761540494, 33.02749582], [76.761566867, 33.026730381], [76.761565877, 33.026076715], [76.761315195, 33.025499305], [76.760647975, 33.024297431], [76.76068387, 33.023501315], [76.76061279, 33.023372316], [76.760625202, 33.023012105], [76.760910728, 33.021387335], [76.761343394, 33.019244239], [76.761533192, 33.018392646], [76.761754712, 33.018172736], [76.763596521, 33.017496709], [76.766610903, 33.016939425], [76.767087222, 33.017086249], [76.769383822, 33.01727463], [76.770426119, 33.017500834], [76.770623358, 33.017463928], [76.771537758, 33.017735622], [76.772038651, 33.017747837], [76.774721532, 33.017497779], [76.77617835, 33.017127686], [76.776395205, 33.017042839], [76.776414835, 33.017022066], [76.776004608, 33.016431463], [76.774919252, 33.014840482], [76.774127222, 33.013250021], [76.773589313, 33.010600664], [76.773048541, 33.009081276], [76.772802326, 33.007068057], [76.772053114, 33.005159853], [76.771887991, 33.004206133], [76.772070043, 33.003490384], [76.771921003, 33.002827105], [76.771911053, 33.002782823], [76.772094561, 33.002111293], [76.769909149, 33.000345427], [76.769129324, 32.999695453], [76.767224324, 32.999108139], [76.767175365, 32.999111483], [76.767142674, 32.999114776], [76.767064027, 32.999104224], [76.766624956, 32.997876677], [76.766349289, 32.996562977], [76.766081372, 32.995024122], [76.766020988, 32.993670602], [76.765946661, 32.99272235], [76.766027976, 32.991913104], [76.766312163, 32.991424292], [76.766371026, 32.98971312], [76.76644614, 32.98908399], [76.766725672, 32.988730267], [76.767496892, 32.988073065], [76.76859641, 32.987198529], [76.769201137, 32.986717531], [76.769321923, 32.986314856], [76.769406305, 32.985415528], [76.769641679, 32.984790302], [76.769814338, 32.98443396], [76.770199155, 32.984127865], [76.771118225, 32.983834805], [76.772093811, 32.983452978], [76.773283094, 32.983076358], [76.774148724, 32.982781977], [76.775125838, 32.9823551], [76.775938033, 32.982059407], [76.776425039, 32.981890995], [76.776484645, 32.981712169], [76.776179547, 32.981254036], [76.775776875, 32.980523103], [76.775652144, 32.979483452], [76.775576204, 32.978580198], [76.775550597, 32.977768308], [76.775721685, 32.977456986], [76.776387482, 32.976752084], [76.777228985, 32.975600755], [76.777679531, 32.974935671], [76.777910207, 32.974445513], [76.777879952, 32.973768712], [76.777920107, 32.972597846], [76.778057836, 32.971699779], [76.778228908, 32.971388448], [76.778944987, 32.970774893], [76.779880915, 32.969986401], [76.780867161, 32.969289271], [76.781683882, 32.968858437], [76.781905273, 32.968638468], [76.781972577, 32.968234461], [76.782050681, 32.967515216], [76.781648019, 32.966784269], [76.780838081, 32.965457467], [76.780226393, 32.964586206], [76.779919782, 32.964173091], [76.77908981, 32.963431722], [76.778885407, 32.963156309], [76.778807908, 32.962298047], [76.778752027, 32.960809293], [76.77881625, 32.960495348], [76.778882017, 32.960136368], [76.779271362, 32.959695125], [76.77971566, 32.959210145], [76.780480445, 32.958732967], [76.781191807, 32.958254485], [76.781579595, 32.957858268], [76.781642264, 32.957589357], [76.781622793, 32.956597274], [76.781676791, 32.955021024], [76.781654232, 32.954119005], [76.781631674, 32.953216986], [76.781592148, 32.95281036], [76.781352859, 32.951993207], [76.78084806, 32.951124513], [76.780074671, 32.950294348], [76.778614677, 32.94922208], [76.777016102, 32.947515376], [76.776289995, 32.946866633], [76.774718622, 32.945926827], [76.77325873, 32.944854497], [76.77216344, 32.944061499], [76.770378508, 32.94311643], [76.769803403, 32.942741787], [76.76945276, 32.942057097], [76.769279361, 32.940880904], [76.769107514, 32.939659668], [76.769020021, 32.937538973], [76.769204992, 32.936822276], [76.769276964, 32.936283122], [76.769297078, 32.935697624], [76.769256051, 32.935336013], [76.768682533, 32.93491632], [76.76705643, 32.934020141], [76.766113749, 32.933456186], [76.765540252, 32.933036479], [76.764710587, 32.93229497], [76.764205994, 32.931426174], [76.763707605, 32.930377218], [76.763448343, 32.930145493], [76.762667465, 32.929540391], [76.760727275, 32.928456141], [76.758849827, 32.927102936], [76.757757901, 32.926219722], [76.756662887, 32.925426579], [76.755880522, 32.924866475], [76.755403034, 32.924764618], [76.75412301, 32.924688163], [76.753381082, 32.924604985], [76.753004697, 32.924722061], [76.752534954, 32.924857195], [76.751349911, 32.925262824], [76.750309267, 32.925691075], [76.74898026, 32.926191316], [76.748217005, 32.92651593], [76.747443307, 32.926890062], [76.74649349, 32.927349902], [76.745532694, 32.927683414], [76.744822416, 32.927831921], [76.744330981, 32.927849745], [76.743246767, 32.928011629], [76.742124825, 32.928083237], [76.740687954, 32.928217848], [76.739705341, 32.928438402], [76.738509108, 32.92867695], [76.737863597, 32.929055573], [76.73753292, 32.929294598], [76.736967335, 32.92959216], [76.736540296, 32.92975432], [76.735814058, 32.929902792], [76.73491143, 32.930051177], [76.734446793, 32.930118608], [76.733383011, 32.929964523], [76.732810995, 32.929842316], [76.732057987, 32.92961777], [76.731233334, 32.929760115], [76.730751162, 32.929793304], [76.729741229, 32.929633169], [76.729156942, 32.929528604], [76.728046462, 32.929185668], [76.727518705, 32.928992338], [76.727044351, 32.928800322], [76.726621837, 32.928654662], [76.725935447, 32.928412333], [76.725516063, 32.928176592], [76.724892462, 32.927665344], [76.724116489, 32.926924939], [76.723393925, 32.926185849], [76.72267137, 32.925446754], [76.722366623, 32.924988445], [76.722220512, 32.924579132], [76.721929854, 32.923715467], [76.72169886, 32.922672959], [76.721522832, 32.921586728], [76.721331156, 32.920950892], [76.721188181, 32.920451495], [76.721092346, 32.920133575], [76.720941548, 32.919859376], [76.720471938, 32.919532216], [76.720104425, 32.919342816], [76.719579858, 32.919059374], [76.718783615, 32.918904448], [76.718147561, 32.91875348], [76.716924154, 32.91858798], [76.715809109, 32.918380073], [76.714907651, 32.918177446], [76.714112988, 32.917977456], [76.713637131, 32.917830437], [76.713217809, 32.917594658], [76.71290214, 32.917451603], [76.712756071, 32.917042273], [76.71245609, 32.916448814], [76.712002202, 32.915671223], [76.711717918, 32.914627354], [76.711480755, 32.913764966], [76.710700205, 32.911626878], [76.71045364, 32.911034729], [76.710117558, 32.909944477], [76.709922822, 32.909398689], [76.709929099, 32.909218524], [76.710045297, 32.908950921], [76.710337362, 32.908236876], [76.710630993, 32.907477786], [76.710753465, 32.907030016], [76.710938739, 32.906313317], [76.711069053, 32.905640337], [76.711042335, 32.904873302], [76.711010909, 32.904241392], [76.710769066, 32.903514104], [76.710579045, 32.902833178], [76.710242984, 32.901742901], [76.709848832, 32.900786423], [76.709614849, 32.899833913], [76.709424841, 32.899152979], [76.709270958, 32.898968837], [76.708605182, 32.89814086], [76.708148251, 32.897453301], [76.708055607, 32.897045267], [76.707761981, 32.896271592], [76.70765992, 32.896133814], [76.707622234, 32.895682059], [76.707364727, 32.895405179], [76.707261097, 32.895312444], [76.707113503, 32.894948126], [76.70717945, 32.894589104], [76.707320762, 32.893600798], [76.707360017, 32.892474712], [76.707408688, 32.891078358], [76.707466783, 32.890944551], [76.707534295, 32.890540481], [76.70760495, 32.890046323], [76.707513883, 32.889593235], [76.707380426, 32.888823514], [76.707144915, 32.887916011], [76.707052283, 32.887507964], [76.707024024, 32.886785931], [76.707053857, 32.885930087], [76.70703345, 32.884982829], [76.707107242, 32.884398573], [76.707221852, 32.884176], [76.707174752, 32.883994496], [76.707177893, 32.883904406], [76.706603272, 32.883529479], [76.705395951, 32.882913428], [76.7041855, 32.882387457], [76.70328905, 32.882049611], [76.701389406, 32.881371249], [76.700337551, 32.88089427], [76.699766112, 32.880429228], [76.699664074, 32.880291438], [76.698946665, 32.879417004], [76.698703373, 32.87873469], [76.698505594, 32.878278927], [76.698208929, 32.877595283], [76.697758432, 32.876727472], [76.697191743, 32.876127276], [76.696257725, 32.8753376], [76.695428896, 32.87459562], [76.694596928, 32.873943725], [76.693923519, 32.873340856], [76.693248543, 32.87278303], [76.692991118, 32.87250611], [76.692796523, 32.87196024], [76.692357115, 32.870777075], [76.692060503, 32.870093405], [76.691825149, 32.869185829], [76.691655775, 32.867919205], [76.691528749, 32.866969236], [76.691455094, 32.866020592], [76.691420633, 32.865478699], [76.691373564, 32.865297181], [76.691273124, 32.865114333], [76.691222904, 32.865022909], [76.690863487, 32.864608178], [76.69055114, 32.864374965], [76.689873077, 32.863907205], [76.688826153, 32.863294987], [76.687937776, 32.862731803], [76.687311525, 32.862310407], [76.687156148, 32.862171273], [76.687052562, 32.862078515], [76.686752848, 32.861484913], [76.686249125, 32.860615699], [76.686045114, 32.860340088], [76.685448864, 32.859062776], [76.685301383, 32.858698398], [76.685056632, 32.85806107], [76.684708306, 32.857330981], [76.684397567, 32.857052702], [76.683885988, 32.856408711], [76.683281887, 32.855356617], [76.682828425, 32.854578805], [76.682520856, 32.854210423], [76.682169398, 32.853570417], [76.681769316, 32.852793932], [76.681315872, 32.852016109], [76.680911061, 32.851374764], [76.680652133, 32.851142855], [76.680082494, 32.850632654], [76.679412452, 32.849939587], [76.679100166, 32.849706342], [76.678687473, 32.849290233], [76.678485079, 32.848969554], [76.67802535, 32.848371911], [76.67751068, 32.847817983], [76.677253347, 32.847541017], [76.67668374, 32.847030798], [76.676266322, 32.846749828], [76.675793961, 32.84651257], [76.674791135, 32.846171866], [76.674419175, 32.846117472], [76.673823966, 32.846018343], [76.67304781, 32.846317753], [76.672204858, 32.846587663], [76.671441602, 32.846627484], [76.670165537, 32.846504259], [76.669216893, 32.846350073], [76.668852018, 32.846474086], [76.668103351, 32.846500419], [76.666825809, 32.846378228], [76.664914259, 32.846059776], [76.664385388, 32.845911245], [76.662433182, 32.845231029], [76.661381805, 32.844753755], [76.659594481, 32.843942372], [76.658648261, 32.843512807], [76.658332856, 32.843369618], [76.65770046, 32.843128287], [76.657435241, 32.843076536], [76.657233552, 32.843017712], [76.657230323, 32.843019043], [76.656238098, 32.843396973], [76.655480921, 32.843914999], [76.654900499, 32.844735639], [76.654778235, 32.844992758], [76.65446982, 32.845669291], [76.654060062, 32.846445017], [76.653836299, 32.846706425], [76.653318975, 32.846967586], [76.652374762, 32.847354517], [76.652097395, 32.847512139], [76.651804938, 32.848157097], [76.651395309, 32.848986951], [76.650953691, 32.849884391], [76.650607813, 32.850556399], [76.650198484, 32.851575773], [76.649825795, 32.852207123], [76.649287408, 32.8526442], [76.648705873, 32.852891662], [76.647617286, 32.853174583], [76.646848874, 32.853390228], [76.64655008, 32.853525232], [76.64596335, 32.853817784], [76.645707303, 32.85394832], [76.645637941, 32.853979829], [76.644868775, 32.853717049], [76.644083446, 32.853354991], [76.643679241, 32.853185708], [76.643510185, 32.853231922], [76.643185209, 32.853358997], [76.642587026, 32.853659538], [76.642368781, 32.853789303], [76.642260454, 32.85383166], [76.641521304, 32.853587585], [76.640733574, 32.853207016], [76.639785753, 32.852822405], [76.639253694, 32.852763896], [76.638559943, 32.852746394], [76.637445652, 32.852537922], [76.636383136, 32.852375839], [76.634109195, 32.85173227], [76.633103249, 32.851481416], [76.632204039, 32.851233254], [76.631364588, 32.850806241], [76.629936537, 32.850409432], [76.628985576, 32.850114853], [76.627869727, 32.849951365], [76.626824558, 32.849844423], [76.625468433, 32.850039604], [76.624673131, 32.850128687], [76.624400828, 32.850096676], [76.62339152, 32.849838017], [76.623206144, 32.849763668], [76.62210321, 32.849895581], [76.621351307, 32.850011802], [76.62108609, 32.849959994], [76.620026822, 32.849707708], [76.619237585, 32.849372081], [76.618870452, 32.849182419], [76.618242914, 32.848805796], [76.617351771, 32.848332308], [76.615927006, 32.847845279], [76.61561109, 32.847686448], [76.61505557, 32.847776769], [76.614105649, 32.847982835], [76.613572104, 32.848162516], [76.612953023, 32.84831954], [76.612584925, 32.848549129], [76.611246849, 32.850031729], [76.610767243, 32.850676329], [76.610676681, 32.850883749], [76.61044238, 32.851321091], [76.610255709, 32.851510339], [76.610218486, 32.851586986], [76.60947553, 32.850800575], [76.608147141, 32.849621564], [76.607895574, 32.849895819], [76.607444551, 32.850560693], [76.607331394, 32.850738173], [76.607101861, 32.851183229], [76.606935337, 32.851359352], [76.606878758, 32.851448092], [76.606158989, 32.85066328], [76.604604711, 32.849316168], [76.603779853, 32.848483579], [76.603270356, 32.847794275], [76.602608823, 32.84687565], [76.602097729, 32.846231389], [76.601479919, 32.845584408], [76.600755392, 32.844934705], [76.59998073, 32.844193541], [76.599510143, 32.843911018], [76.598832555, 32.84344286], [76.598517221, 32.843299558], [76.597993279, 32.843015669], [76.597466117, 32.842821877], [76.596940568, 32.842583036], [76.596279806, 32.842237186], [76.595346295, 32.842343242], [76.594086771, 32.842535185], [76.593430308, 32.842624292], [76.593221993, 32.842565255], [76.593051156, 32.842519837], [76.59218617, 32.84226119], [76.592095494, 32.8422262], [76.592039479, 32.842232621], [76.590804127, 32.842426552], [76.590107216, 32.842498946], [76.589895389, 32.84244845], [76.589736922, 32.842399314], [76.58889123, 32.842152273], [76.588100516, 32.841861541], [76.587735069, 32.841626757], [76.587159415, 32.841296422], [76.586588251, 32.840823502], [76.58648512, 32.84073811], [76.586383248, 32.840600237], [76.586289451, 32.840237115], [76.585990297, 32.839643293], [76.585282046, 32.838543017], [76.584829289, 32.8377649], [76.584329642, 32.836805218], [76.5837718, 32.835979317], [76.583265705, 32.835199825], [76.582757999, 32.834465382], [76.582256767, 32.833550734], [76.581647215, 32.832678404], [76.58113468, 32.832079101], [76.580098302, 32.831195839], [76.579534043, 32.830550113], [76.578924526, 32.829677765], [76.578368372, 32.828806778], [76.577707136, 32.827888003], [76.577244759, 32.827380148], [76.576984466, 32.827193114], [76.576096887, 32.826629272], [76.574907014, 32.825561662], [76.574599855, 32.825193049], [76.574042135, 32.824367088], [76.573684868, 32.823907003], [76.573261293, 32.823805962], [76.572537351, 32.82361461], [76.571806998, 32.823672897], [76.57077168, 32.823634845], [76.569976339, 32.823457422], [76.56996097, 32.823451535], [76.569693215, 32.823534101], [76.56856959, 32.823595462], [76.567555909, 32.82356945], [76.566760504, 32.823413756], [76.566340182, 32.823222592], [76.565654728, 32.822979529], [76.56517619, 32.822922148], [76.564380792, 32.822766443], [76.563163458, 32.822464613], [76.561784453, 32.822203714], [76.560883988, 32.822000197], [76.5599884, 32.82166152], [76.558672515, 32.821131655], [76.557461717, 32.820649576], [76.556672848, 32.820313624], [76.555462066, 32.81983153], [76.554514787, 32.819446396], [76.553522301, 32.818834624], [76.55258643, 32.818134115], [76.550871511, 32.816827303], [76.550040738, 32.816174576], [76.549360245, 32.815796284], [76.548810135, 32.815701507], [76.548454078, 32.815770521], [76.547381656, 32.816030091], [76.546170271, 32.81610426], [76.544964326, 32.816061164], [76.543891647, 32.816022782], [76.543773606, 32.816011833], [76.542942197, 32.816081675], [76.541770176, 32.816006322], [76.540703218, 32.815978769], [76.539426136, 32.815855591], [76.538420693, 32.815604141], [76.537368441, 32.815171097], [76.536421258, 32.814785855], [76.535630855, 32.81449485], [76.534682048, 32.814154651], [76.534256907, 32.81409856], [76.533560128, 32.814170724], [76.533453433, 32.814167964], [76.533240045, 32.814162444], [76.532254256, 32.813370325], [76.531790491, 32.812907374], [76.53152376, 32.812900471], [76.530991932, 32.81284161], [76.529986533, 32.812590106], [76.529197796, 32.812254016], [76.528839103, 32.811838872], [76.528280125, 32.811057777], [76.527721155, 32.81027668], [76.52699397, 32.809716695], [76.525996796, 32.8092399], [76.524949559, 32.808671609], [76.523747217, 32.807964003], [76.522072991, 32.807018666], [76.521825011, 32.806874751], [76.520638967, 32.806951305], [76.519603752, 32.806939961], [76.518710922, 32.806852481], [76.517483804, 32.806944647], [76.516416933, 32.806916938], [76.515565079, 32.80684971], [76.514554837, 32.80673327], [76.514501494, 32.806731884], [76.513724336, 32.806080343], [76.512957041, 32.805158477], [76.512448255, 32.804468807], [76.512237817, 32.804203043], [76.511199574, 32.804416058], [76.510127083, 32.804639085], [76.509401434, 32.804668967], [76.508745095, 32.804523061], [76.508127758, 32.804377908], [76.508019199, 32.804398688], [76.506995827, 32.804642628], [76.506247389, 32.804668237], [76.505612216, 32.80451641], [76.504818665, 32.804315358], [76.504026762, 32.804069248], [76.503548329, 32.804011688], [76.501628018, 32.803961645], [76.501361307, 32.803954694], [76.500987914, 32.80394496], [76.50045614, 32.803886], [76.500192724, 32.803788939], [76.499767638, 32.803732758], [76.496971843, 32.802802996], [76.494484592, 32.802196918], [76.492499348, 32.801983207], [76.491239023, 32.802021054], [76.489206107, 32.802381467], [76.486922516, 32.802795401], [76.484585442, 32.803407666], [76.483027398, 32.803818799], [76.481229135, 32.80432857], [76.479729928, 32.804130661], [76.478651112, 32.804181144], [76.478067888, 32.804338001], [76.477416376, 32.804241889], [76.47499169, 32.804596641], [76.471630094, 32.805066041], [76.471267241, 32.805214031], [76.470552039, 32.805676889], [76.469778178, 32.806338156], [76.469729494, 32.808368646], [76.469744865, 32.810245978], [76.469840078, 32.813025945], [76.470650934, 32.813781709], [76.471371122, 32.814243891], [76.471926036, 32.814565745], [76.472011322, 32.81495856], [76.472144391, 32.815965222], [76.472619164, 32.81661181], [76.47291773, 32.817289521], [76.473867168, 32.818830738], [76.474384431, 32.820375482], [76.474053431, 32.821019814], [76.47358902, 32.821420223], [76.471181609, 32.823178216], [76.467295282, 32.826245357], [76.466830732, 32.8268533], [76.466328563, 32.828147062], [76.465447417, 32.829588671], [76.464854783, 32.830087938], [76.463556818, 32.832566283], [76.462590229, 32.833935446], [76.4614955, 32.835299753], [76.461329511, 32.836413836], [76.460746962, 32.838140536], [76.459614578, 32.840005629], [76.458140438, 32.841770396], [76.45750481, 32.842598963], [76.456965141, 32.843748146], [76.456211556, 32.845578092], [76.455458193, 32.846943256], [76.454405832, 32.848488114], [76.453139853, 32.849887905], [76.451826031, 32.851007817], [76.450768892, 32.851189783], [76.449289762, 32.851912117], [76.447928293, 32.852233136], [76.445770983, 32.853138433], [76.444670775, 32.853789536], [76.444462253, 32.854253764], [76.443703512, 32.855262313], [76.4431052, 32.855960047], [76.443078419, 32.855973497], [76.442854271, 32.85595483], [76.442683612, 32.855701629], [76.442432863, 32.855389514], [76.44205968, 32.854666418], [76.441539264, 32.853670487], [76.441424278, 32.853743278], [76.441194119, 32.854188102], [76.440408599, 32.855204427], [76.439848223, 32.855911064], [76.439794857, 32.855909654], [76.439581399, 32.855904014], [76.439431332, 32.855629508], [76.439176209, 32.855307136], [76.438774364, 32.854620164], [76.437927357, 32.852974527], [76.437423816, 32.852149587], [76.436918612, 32.851369691], [76.436455072, 32.850906527], [76.436141588, 32.850717875], [76.43546126, 32.850339156], [76.43525283, 32.850198372], [76.434695959, 32.849372006], [76.434337483, 32.848956704], [76.433310417, 32.847847343], [76.432536781, 32.847105409], [76.430821088, 32.845842524], [76.429937414, 32.845187843], [76.428465121, 32.844562655], [76.427416364, 32.844038859], [76.425994105, 32.843505156], [76.425348074, 32.843361124], [76.424852087, 32.843401628], [76.423698934, 32.843560597], [76.422780624, 32.84369766], [76.419644096, 32.843635803], [76.419525946, 32.843649221], [76.416002585, 32.843600745], [76.415100527, 32.843441501], [76.414306869, 32.843240042], [76.413573295, 32.842859808], [76.413101473, 32.842621805], [76.41228809, 32.841517968], [76.411879722, 32.841011094], [76.411302878, 32.8407252], [76.410772669, 32.840620913], [76.409237081, 32.840264413], [76.408123311, 32.840054403], [76.407279696, 32.839761393], [76.407021327, 32.839529052], [76.406618038, 32.838887019], [76.406208021, 32.838425175], [76.405384628, 32.837591579], [76.404666273, 32.836805867], [76.403899625, 32.835883584], [76.403281263, 32.835280898], [76.402296163, 32.834488062], [76.401676131, 32.833930415], [76.400634327, 32.833226241], [76.400112587, 32.832896675], [76.399634089, 32.832838822], [76.399212317, 32.832692293], [76.398187404, 32.831537613], [76.397879091, 32.831213732], [76.397579213, 32.830664605], [76.397231045, 32.829978908], [76.396819407, 32.829562077], [76.395577762, 32.828491774], [76.394746074, 32.827883347], [76.394029536, 32.827052518], [76.393309632, 32.826311781], [76.392643087, 32.825572465], [76.392281454, 32.825247142], [76.391914757, 32.825056967], [76.389517379, 32.82490271], [76.38861381, 32.824788364], [76.387976989, 32.824681146], [76.387398593, 32.824440205], [76.386618632, 32.823878206], [76.386093591, 32.823638687], [76.385623593, 32.823355544], [76.38530857, 32.823211829], [76.383549737, 32.823119663], [76.382327782, 32.822951665], [76.381375962, 32.822700701], [76.380585886, 32.82240897], [76.379367329, 32.822150849], [76.378792349, 32.821819776], [76.377909138, 32.821164774], [76.377439168, 32.820881604], [76.376885032, 32.8205573], [76.376550889, 32.820361742], [76.375982705, 32.819850458], [76.375887871, 32.819532248], [76.375904818, 32.819081746], [76.375938711, 32.818180742], [76.375920951, 32.817233254], [76.375824425, 32.816960091], [76.375676249, 32.816640446], [76.375166516, 32.815995432], [76.374235109, 32.815203816], [76.373353669, 32.814503725], [76.373100508, 32.814136163], [76.372955735, 32.813726411], [76.372915955, 32.813364573], [76.373326669, 32.812383471], [76.373508743, 32.811802102], [76.373556216, 32.810540669], [76.373481742, 32.809681832], [76.373357318, 32.808731458], [76.373217637, 32.808186545], [76.373289628, 32.807692409], [76.37351317, 32.807427825], [76.3744158, 32.806144223], [76.37492977, 32.805256062], [76.375337049, 32.804365038], [76.375565664, 32.803965291], [76.37606945, 32.803347436], [76.376186295, 32.803079983], [76.376098254, 32.802581547], [76.375915393, 32.801764882], [76.375629246, 32.800855247], [76.374843612, 32.799030248], [76.37439916, 32.798071258], [76.374306045, 32.797707973], [76.374474533, 32.797487001], [76.375018076, 32.797230993], [76.375845249, 32.796531604], [76.37617713, 32.796224816], [76.376740995, 32.795428162], [76.377072871, 32.79512137], [76.377674816, 32.794731622], [76.379138603, 32.794139478], [76.380323846, 32.79385555], [76.381669093, 32.7935759], [76.382100856, 32.793452168], [76.382591029, 32.793194704], [76.383253048, 32.792626147], [76.383483304, 32.792181322], [76.383625492, 32.791238046], [76.383879422, 32.790162463], [76.384327168, 32.788190075], [76.384677607, 32.787387663], [76.385091514, 32.786316349], [76.385500346, 32.785380195], [76.386020905, 32.784311728], [76.386637976, 32.783516439], [76.386880032, 32.782756212], [76.387065375, 32.782084667], [76.38690444, 32.780682244], [76.386884908, 32.77977971], [76.386793458, 32.779371355], [76.38661225, 32.77850959], [76.386469163, 32.778054752], [76.385886685, 32.776505726], [76.385262727, 32.774639869], [76.385133173, 32.773824575], [76.385143317, 32.773554238], [76.385420095, 32.773291038], [76.385861922, 32.772896952], [76.386897097, 32.772338337], [76.387333846, 32.772079416], [76.387619064, 32.771590929], [76.387756126, 32.770782764], [76.387899945, 32.769794369], [76.387923597, 32.769163574], [76.38815379, 32.768718712], [76.388767389, 32.768013493], [76.389009399, 32.767253228], [76.389153203, 32.766264822], [76.389298693, 32.765231356], [76.389384104, 32.76437669], [76.389417878, 32.763475538], [76.389443211, 32.762799672], [76.389515108, 32.762305463], [76.389755413, 32.761590242], [76.389949149, 32.760693361], [76.390041304, 32.759658452], [76.390173272, 32.75898543], [76.390403438, 32.758540552], [76.390922147, 32.757517044], [76.391107427, 32.756845444], [76.391505982, 32.756179545], [76.392936829, 32.753601773], [76.393441998, 32.752938714], [76.393730518, 32.75236007], [76.394077412, 32.751647673], [76.394147598, 32.751198505], [76.394209347, 32.750974633], [76.394176272, 32.750432496], [76.394079759, 32.750159289], [76.393879329, 32.74934551], [76.393755464, 32.748842587], [76.393674136, 32.74816384], [76.393619798, 32.746764136], [76.393700104, 32.746044601], [76.393915712, 32.744561894], [76.394078003, 32.743077753], [76.394579748, 32.742504791], [76.395019743, 32.742155705], [76.395726303, 32.741813741], [76.396977783, 32.74117059], [76.397679274, 32.740963799], [76.398332505, 32.740620398], [76.398609177, 32.740357151], [76.398839274, 32.739912237], [76.399021112, 32.739330715], [76.398993072, 32.738653377], [76.398176086, 32.736240931], [76.397936496, 32.73551283], [76.397968513, 32.734656662], [76.397893911, 32.733797644], [76.39801401, 32.733439998], [76.398441091, 32.732007986], [76.39887153, 32.730485843], [76.399111717, 32.729770542], [76.399477041, 32.7285624], [76.399765474, 32.727983705], [76.399823834, 32.727849941], [76.399938868, 32.727627475], [76.400268811, 32.727365639], [76.401351779, 32.726943472], [76.402759625, 32.726394642], [76.404059164, 32.725888021], [76.404817223, 32.725592486], [76.405255445, 32.725288418], [76.405365421, 32.725201136], [76.406790043, 32.72420164], [76.408476123, 32.723344422], [76.409020936, 32.723043184], [76.409184211, 32.722957319], [76.409722299, 32.722836331], [76.409937198, 32.722796947], [76.41053195, 32.72258725], [76.411183363, 32.722288845], [76.411781468, 32.721989016], [76.413752469, 32.720643137], [76.415123664, 32.719642138], [76.416001686, 32.718988873], [76.417646066, 32.717814683], [76.418304145, 32.717335989], [76.418910591, 32.716810811], [76.419960213, 32.715846321], [76.420405065, 32.715361949], [76.421554561, 32.714580537], [76.421994375, 32.714231351], [76.422430835, 32.713972293], [76.42360208, 32.712605023], [76.424208479, 32.712079818], [76.424868173, 32.711556024], [76.425359592, 32.711253307], [76.427005446, 32.710033934], [76.427943326, 32.709201741], [76.428216512, 32.709028553], [76.428491372, 32.708810297], [76.428548016, 32.708721581], [76.428673018, 32.70822869], [76.428646489, 32.70750623], [76.428326945, 32.706054233], [76.428044224, 32.70361078], [76.427987831, 32.70225597], [76.428029663, 32.701129315], [76.428154658, 32.700636414], [76.429602213, 32.699005721], [76.42994372, 32.698428338], [76.430183655, 32.697712926], [76.430103826, 32.696989029], [76.429754189, 32.696348196], [76.429196403, 32.695566505], [76.42874019, 32.69492284], [76.42823571, 32.694142556], [76.427672924, 32.693496056], [76.426369087, 32.692694544], [76.424855452, 32.691797224], [76.424647311, 32.69165636], [76.424029592, 32.691053495], [76.423676655, 32.690502774], [76.423072347, 32.689539362], [76.422885988, 32.688812614], [76.422902737, 32.688361934], [76.423022716, 32.688004222], [76.423755668, 32.686940997], [76.42486832, 32.685707399], [76.425589525, 32.684959636], [76.426029217, 32.68461041], [76.426898554, 32.684182364], [76.427927748, 32.683758556], [76.428520599, 32.683593839], [76.429932824, 32.682909506], [76.430205948, 32.6827363], [76.431215266, 32.681409679], [76.431773202, 32.680747778], [76.431886461, 32.680570328], [76.432227903, 32.67999291], [76.432679258, 32.679328176], [76.433182219, 32.678709922], [76.433348759, 32.678533884], [76.434397927, 32.677569197], [76.435380432, 32.676963643], [76.436143112, 32.676532716], [76.4370623, 32.676196158], [76.438416098, 32.675645535], [76.439172082, 32.67539487], [76.439441838, 32.675311784], [76.440091252, 32.675058295], [76.440852235, 32.674672412], [76.44160654, 32.674466806], [76.44241246, 32.674307675], [76.443319943, 32.674286571], [76.444038862, 32.674346252], [76.444127266, 32.674320506], [76.444239092, 32.67394997], [76.444472225, 32.673414767], [76.444607123, 32.672651393], [76.445005098, 32.671985203], [76.44523489, 32.671540136], [76.445577909, 32.670917604], [76.445759414, 32.670335915], [76.445821026, 32.670111971], [76.445884303, 32.669842956], [76.44584935, 32.669345771], [76.445421473, 32.667935899], [76.445015226, 32.667383777], [76.444767155, 32.666880951], [76.44443586, 32.665744311], [76.443981346, 32.665055561], [76.443523502, 32.66445695], [76.443067331, 32.663813267], [76.441941892, 32.662520249], [76.44143246, 32.661875147], [76.441027919, 32.661277934], [76.440520165, 32.660587754], [76.440115632, 32.659990537], [76.439870936, 32.659397549], [76.440317164, 32.658867971], [76.440813329, 32.658429947], [76.441577538, 32.657953899], [76.441870046, 32.65783047], [76.442281797, 32.657656724], [76.443039327, 32.657360957], [76.443743577, 32.657063776], [76.444551043, 32.656859555], [76.445361838, 32.656565186], [76.445684823, 32.656483495], [76.446813598, 32.656242643], [76.447619388, 32.65608348], [76.449167697, 32.656034167], [76.44951624, 32.656018843], [76.44954154, 32.656013325], [76.450356557, 32.655839593], [76.451438015, 32.655807467], [76.452221019, 32.655663657], [76.452598934, 32.655538286], [76.452978512, 32.655367843], [76.453894162, 32.655121317], [76.45459671, 32.65486916], [76.455081171, 32.654746596], [76.456051748, 32.65445639], [76.456539528, 32.654243676], [76.457888003, 32.653828078], [76.458643809, 32.65357731], [76.459346338, 32.653325134], [76.459724239, 32.653199745], [76.460426764, 32.652947563], [76.461232512, 32.652788333], [76.462093192, 32.652585428], [76.462522702, 32.65250651], [76.463057099, 32.652475472], [76.463749657, 32.652493714], [76.464085209, 32.652502551], [76.464803941, 32.652345412], [76.465262111, 32.652269984], [76.465768113, 32.652239692], [76.466487186, 32.65223707], [76.466886728, 32.652269734], [76.467227628, 32.65239702], [76.467520566, 32.652515126], [76.467813399, 32.65263323], [76.468686891, 32.653046135], [76.469102375, 32.653218747], [76.469171539, 32.653255024], [76.469507168, 32.653400293], [76.47000776, 32.653667836], [76.470513774, 32.653944429], [76.47101968, 32.65422111], [76.471328598, 32.65447461], [76.47186645, 32.654990409], [76.47310229, 32.655332068], [76.473730704, 32.655622547], [76.473943756, 32.655735878], [76.47416218, 32.655849248], [76.474476438, 32.65604415], [76.474732063, 32.656153143], [76.47522743, 32.656352987], [76.47541947, 32.656369273], [76.475445746, 32.65636554], [76.476033433, 32.656335859], [76.476512914, 32.65634845], [76.47657001, 32.656379512], [76.477406119, 32.656227703], [76.47819986, 32.656130431], [76.478759171, 32.656082275], [76.479275925, 32.656101637], [76.479536928, 32.656260187], [76.479920429, 32.656513931], [76.480144118, 32.656776181], [76.480538285, 32.657075063], [76.480777949, 32.657211061], [76.481097477, 32.657423922], [76.481433121, 32.657587281], [76.48194983, 32.657746472], [76.482658207, 32.657856593], [76.483244224, 32.65794836], [76.484192406, 32.658009386], [76.484858285, 32.658047092], [76.485683936, 32.658247801], [76.486584138, 32.658435018], [76.487228733, 32.658391538], [76.487910591, 32.65838419], [76.489039907, 32.658414067], [76.489498034, 32.658446728], [76.490446276, 32.658715382], [76.491666107, 32.659354663], [76.492454567, 32.659861969], [76.493035161, 32.660098048], [76.493562521, 32.660275393], [76.494414956, 32.66087764], [76.495112764, 32.661199752], [76.495773335, 32.661314123], [76.496556475, 32.661297987], [76.497153063, 32.661303927], [76.49751529, 32.661264149], [76.497696492, 32.661255597], [76.497973484, 32.661170517], [76.498250445, 32.661089987], [76.498580717, 32.661090767], [76.499806106, 32.662081982], [76.500919517, 32.663113543], [76.501372379, 32.663385382], [76.501553547, 32.663467043], [76.501734638, 32.66354415], [76.501963737, 32.663657555], [76.502038316, 32.663689305], [76.502118268, 32.663721094], [76.502720233, 32.663948092], [76.502928082, 32.664142644], [76.503141172, 32.664341692], [76.503737903, 32.664835027], [76.504142836, 32.665093229], [76.50461171, 32.665333489], [76.504963281, 32.665365905], [76.505352172, 32.665375822], [76.506124601, 32.66534154], [76.50687045, 32.665415494], [76.508276983, 32.665847474], [76.509145436, 32.666449655], [76.509470363, 32.66665982], [76.50994681, 32.666652096], [76.510025984, 32.666660884], [76.510211045, 32.666542397], [76.511622769, 32.66645984], [76.512709604, 32.666457852], [76.512937681, 32.66648265], [76.514075666, 32.666037796], [76.515047833, 32.665702184], [76.515527355, 32.665714663], [76.515898677, 32.66576944], [76.51610852, 32.665865129], [76.516350266, 32.666025413], [76.516848786, 32.66583543], [76.517812975, 32.665512743], [76.518276468, 32.665500208], [76.518681355, 32.66556428], [76.518883885, 32.665668557], [76.520663537, 32.666859352], [76.521082497, 32.667115472], [76.521360356, 32.666633295], [76.522592205, 32.663552404], [76.523274112, 32.662397135], [76.523967462, 32.660926352], [76.524925546, 32.659507552], [76.52593034, 32.658270414], [76.52828828, 32.656481882], [76.529423426, 32.656060179], [76.530177461, 32.65585416], [76.530974967, 32.655919959], [76.531692646, 32.656017299], [76.532165975, 32.655846163], [76.532884993, 32.655644605], [76.533721398, 32.655696029], [76.537018868, 32.656136234], [76.539575701, 32.655988043], [76.543517599, 32.65609092], [76.544103612, 32.656155174], [76.545044779, 32.656148885], [76.545315523, 32.656231593], [76.546394069, 32.655974926], [76.547757726, 32.655946086], [76.549435573, 32.656447919], [76.551577021, 32.655415295], [76.551646556, 32.654965935], [76.551666066, 32.654425051], [76.551843776, 32.653933365], [76.55207151, 32.653533201], [76.552507464, 32.653273758], [76.553376119, 32.652845012], [76.554354566, 32.652328863], [76.55527973, 32.651811332], [76.555933642, 32.651422151], [76.556429351, 32.650983773], [76.556653816, 32.650673747], [76.556875031, 32.65045387], [76.557257691, 32.650193037], [76.558011642, 32.649986889], [76.56000711, 32.649361563], [76.561318117, 32.648493004], [76.561986587, 32.647698124], [76.56232244, 32.647255607], [76.562659914, 32.646768015], [76.563380017, 32.646019572], [76.564137173, 32.645723243], [76.56478778, 32.645424171], [76.565967861, 32.645228949], [76.567151178, 32.64494357], [76.570591315, 32.644174792], [76.572197544, 32.643990477], [76.573006318, 32.643740551], [76.574478597, 32.642830905], [76.575561795, 32.642362427], [76.57767328, 32.641469155], [76.578595027, 32.641041631], [76.580165695, 32.640360039], [76.580706466, 32.640148318], [76.580979272, 32.639974844], [76.58136346, 32.639668872], [76.581799301, 32.639409341], [76.582443374, 32.639290497], [76.583791241, 32.638873861], [76.584756536, 32.638718121], [76.585713766, 32.638787754], [76.58596738, 32.63879425], [76.586454884, 32.638634111], [76.586827068, 32.638576561], [76.587818664, 32.638074651], [76.588690302, 32.63755555], [76.589718517, 32.637130685], [76.590900087, 32.636890207], [76.59234316, 32.636791759], [76.592036307, 32.63493409], [76.591999143, 32.634481962], [76.592023297, 32.633805811], [76.592260517, 32.633135109], [76.593048109, 32.631982178], [76.593453165, 32.631090169], [76.593624231, 32.630778714], [76.593750077, 32.630240511], [76.594218045, 32.629079394], [76.595454229, 32.627306243], [76.595814033, 32.626187468], [76.596151308, 32.625699778], [76.597787802, 32.624658727], [76.602560067, 32.622389229], [76.602995799, 32.62212963], [76.60198036, 32.62070502], [76.601625204, 32.620199643], [76.601071468, 32.619283118], [76.600307913, 32.618270994], [76.599809064, 32.617310741], [76.599555624, 32.61694331], [76.598850178, 32.615797295], [76.598698439, 32.615567819], [76.598175498, 32.615283742], [76.598127061, 32.615147144], [76.598130277, 32.615056986], [76.598186751, 32.614968188], [76.598298091, 32.614835671], [76.598354565, 32.614746872], [76.59841104, 32.614658074], [76.598883723, 32.613361653], [76.599114434, 32.612871219], [76.59945166, 32.612383504], [76.599895396, 32.611898506], [76.600350378, 32.611097949], [76.60076977, 32.60980015], [76.600890743, 32.609397149], [76.600908415, 32.608901268], [76.600677483, 32.607902709], [76.600532176, 32.607492909], [76.600498203, 32.606950586], [76.600619172, 32.606547582], [76.600848257, 32.606102216], [76.601569482, 32.605308438], [76.602006759, 32.605003749], [76.602389175, 32.604742777], [76.603150787, 32.604310996], [76.605200114, 32.603641323], [76.606168306, 32.603395279], [76.607299462, 32.603063141], [76.607998172, 32.602900463], [76.608751734, 32.602694057], [76.60912611, 32.602658474], [76.609500486, 32.60262289], [76.610406295, 32.602670746], [76.610585869, 32.602627823], [76.611299025, 32.602452902], [76.611671611, 32.602403831], [76.612038851, 32.602350172], [76.613726577, 32.602429384], [76.614898014, 32.602561937], [76.615728868, 32.602843015], [76.616916684, 32.603304999], [76.617742476, 32.603730446], [76.618610727, 32.604070111], [76.619180687, 32.604283049], [76.620235379, 32.604681703], [76.620725485, 32.604867364], [76.621753516, 32.605193725], [76.623186735, 32.606003574], [76.62355831, 32.606076454], [76.623997884, 32.606052245], [76.624421869, 32.606000791], [76.624821118, 32.605947126], [76.625369447, 32.605889295], [76.625923042, 32.605831315], [76.627881948, 32.605726466], [76.628690431, 32.605592343], [76.629336935, 32.605608737], [76.630085794, 32.605543656], [76.631278086, 32.605355624], [76.632099489, 32.60535382], [76.630663438, 32.60406312], [76.629890156, 32.603321574], [76.629066825, 32.60248851], [76.628348412, 32.601703222], [76.627584738, 32.600691171], [76.627079356, 32.599911277], [76.626675693, 32.599269327], [76.62637215, 32.598810403], [76.626173515, 32.598399264], [76.626131442, 32.59808234], [76.62609416, 32.597630172], [76.626168172, 32.597045459], [76.626351877, 32.596373286], [76.62653079, 32.595836356], [76.626775724, 32.59494012], [76.626894997, 32.594582165], [76.626857713, 32.594129992], [76.626668665, 32.593448353], [76.626526482, 32.592948393], [76.626288978, 32.592130153], [76.625735183, 32.591213637], [76.624921546, 32.590110027], [76.624614838, 32.589741254], [76.624358185, 32.589463997], [76.624157976, 32.589097927], [76.624020602, 32.58846271], [76.623934875, 32.587873927], [76.623763429, 32.586696359], [76.623446628, 32.585108978], [76.622827944, 32.583017558], [76.622696976, 32.582201993], [76.622504773, 32.581610494], [76.62249308, 32.580436961], [76.622691163, 32.579359002], [76.622768374, 32.578684092], [76.623103808, 32.578241365], [76.623657001, 32.577668792], [76.624042476, 32.577317583], [76.624315076, 32.577144006], [76.624592466, 32.576835175], [76.625087613, 32.576396498], [76.625919769, 32.575469996], [76.62680196, 32.57463501], [76.627584612, 32.575106124], [76.628004158, 32.57529727], [76.628204794, 32.575371206], [76.628286982, 32.575279416], [76.628377728, 32.575178069], [76.629275875, 32.574357862], [76.630032262, 32.574823735], [76.630447739, 32.575031862], [76.63154466, 32.575403332], [76.632726895, 32.575865206], [76.633733331, 32.576173447], [76.63415914, 32.576214622], [76.634648896, 32.576264846], [76.63537817, 32.576378663], [76.636176859, 32.576564666], [76.636773113, 32.576678286], [76.637992426, 32.57703636], [76.639036279, 32.577421291], [76.639472942, 32.577606851], [76.640330376, 32.577937346], [76.641160994, 32.578118876], [76.642273757, 32.578386563], [76.642630712, 32.578540388], [76.642790576, 32.578707561], [76.642876036, 32.578874639], [76.64304724, 32.579402937], [76.64335723, 32.580147904], [76.643751711, 32.580500377], [76.64416736, 32.580807812], [76.645062365, 32.581251154], [76.646164435, 32.58145555], [76.647069471, 32.581578502], [76.64843781, 32.581828323], [76.649401945, 32.582258224], [76.649926872, 32.582600739], [76.649969279, 32.582576674], [76.650458007, 32.582318264], [76.650733754, 32.582054477], [76.651078618, 32.581341193], [76.651429826, 32.580447571], [76.651931237, 32.57982848], [76.652695685, 32.579306272], [76.653673099, 32.578789429], [76.654647332, 32.578362749], [76.656526685, 32.577958874], [76.657115524, 32.577883463], [76.657860921, 32.577902242], [76.658290033, 32.577822804], [76.658504587, 32.577783083], [76.658612657, 32.577740681], [76.658777138, 32.57760945], [76.659168846, 32.577077821], [76.659449314, 32.576678761], [76.659841016, 32.576147129], [76.660982848, 32.575499006], [76.661853713, 32.574979429], [76.663534264, 32.574164345], [76.664394032, 32.573960348], [76.665692378, 32.573406377], [76.667051858, 32.572628306], [76.66814354, 32.571888618], [76.668809288, 32.571138219], [76.669423369, 32.570341392], [76.669884046, 32.569360205], [76.670004743, 32.568957107], [76.670407431, 32.568109836], [76.670811693, 32.567217475], [76.671565383, 32.565476495], [76.671745625, 32.564894381], [76.671921128, 32.564447528], [76.672143549, 32.564182356], [76.67225476, 32.56404977], [76.672470865, 32.563964944], [76.672738627, 32.563926541], [76.67300639, 32.563888137], [76.673756437, 32.563771586], [76.67466935, 32.563568868], [76.675848441, 32.563372821], [76.676977445, 32.563085259], [76.678266155, 32.562801692], [76.679189982, 32.562824854], [76.679379411, 32.56277069], [76.680693242, 32.562496678], [76.681879943, 32.562515762], [76.682832671, 32.5626114], [76.683652825, 32.562928078], [76.684462565, 32.563312442], [76.685208727, 32.56388174], [76.685917647, 32.564405828], [76.686813505, 32.565214503], [76.687841738, 32.565779444], [76.688210983, 32.565929152], [76.68828195, 32.565895463], [76.689144762, 32.565601161], [76.689907385, 32.565123846], [76.690515005, 32.564507275], [76.691064668, 32.56402463], [76.691611182, 32.563632155], [76.692113886, 32.562967827], [76.692342545, 32.562522279], [76.692400496, 32.562388349], [76.692521111, 32.561985227], [76.692803003, 32.561541007], [76.692968995, 32.561364649], [76.693402735, 32.561149854], [76.693888139, 32.560981475], [76.694318735, 32.560856851], [76.694857373, 32.560689799], [76.695292678, 32.560429912], [76.695566705, 32.560211123], [76.695684166, 32.55989817], [76.695861142, 32.559406196], [76.695937927, 32.558731215], [76.69584873, 32.558232594], [76.695704728, 32.557777731], [76.695717289, 32.557417029], [76.695430859, 32.556462212], [76.695336954, 32.556098851], [76.695296281, 32.555736819], [76.695200806, 32.555418544], [76.695210229, 32.555148018], [76.695274453, 32.55483373], [76.695393481, 32.554475686], [76.695683196, 32.553806013], [76.695857021, 32.553404206], [76.696027707, 32.553092578], [76.696193683, 32.552916211], [76.696356518, 32.552830022], [76.696625818, 32.552746491], [76.69700001, 32.552710706], [76.697159706, 32.552714692], [76.697479098, 32.552722664], [76.697964462, 32.55255427], [76.698348068, 32.552247951], [76.698462375, 32.552025166], [76.698523452, 32.551801053], [76.698531297, 32.551575611], [76.698537574, 32.551395257], [76.698438954, 32.551167158], [76.698340338, 32.550939058], [76.698086735, 32.550571708], [76.697671873, 32.55024546], [76.697311812, 32.549875448], [76.697158398, 32.549691108], [76.696959601, 32.549279995], [76.696859419, 32.549096982], [76.696870406, 32.54878136], [76.696950318, 32.54801618], [76.697141396, 32.547118388], [76.697543818, 32.546270998], [76.697714489, 32.54595936], [76.697675382, 32.545552229], [76.698365956, 32.545390937], [76.698373631, 32.545389144], [76.699229996, 32.54527513], [76.700034697, 32.545114694], [76.701160337, 32.54491713], [76.701965034, 32.544756685], [76.703143894, 32.544560435], [76.704163066, 32.544360197], [76.705125873, 32.544248805], [76.705935259, 32.543953072], [76.706317251, 32.543691817], [76.706646014, 32.543429235], [76.706703937, 32.543295292], [76.706926244, 32.543030058], [76.707209604, 32.5425407], [76.707377113, 32.542319228], [76.707652642, 32.542055318], [76.708094112, 32.541615024], [76.708753181, 32.54104476], [76.709571924, 32.540478466], [76.710547209, 32.540006322], [76.711204693, 32.539481135], [76.712460165, 32.538609787], [76.712934508, 32.538756974], [76.713092622, 32.538806036], [76.713357188, 32.538857744], [76.713673705, 32.539036482], [76.71477906, 32.538269661], [76.715226338, 32.538427965], [76.715407442, 32.538491209], [76.715652318, 32.538550082], [76.716078518, 32.538789497], [76.717996173, 32.539770041], [76.719343937, 32.540461338], [76.72072366, 32.541161731], [76.721714528, 32.54169487], [76.722770006, 32.542494296], [76.723574749, 32.54300924], [76.724480399, 32.543474666], [76.7254394, 32.543989658], [76.726259869, 32.544400858], [76.727325262, 32.54493848], [76.727863266, 32.545173395], [76.728411694, 32.545309104], [76.729268958, 32.545584893], [76.729599024, 32.54565725], [76.729865075, 32.545666406], [76.730402557, 32.545729918], [76.731211407, 32.545766367], [76.731988389, 32.545848076], [76.733127409, 32.546006592], [76.733765915, 32.546042978], [76.734303394, 32.546083893], [76.734984561, 32.54613381], [76.736096957, 32.546319384], [76.736682668, 32.546450539], [76.737220973, 32.546793797], [76.73799405, 32.54740347], [76.738228927, 32.547669798], [76.738394332, 32.547818805], [76.739311803, 32.548672252], [76.739557321, 32.54896122], [76.739771106, 32.549290719], [76.740066153, 32.550161888], [76.740216226, 32.550554595], [76.740328945, 32.550897641], [76.740553137, 32.551155068], [76.740830352, 32.551340212], [76.741176541, 32.551462176], [76.742119645, 32.551936445], [76.742865661, 32.552338486], [76.743666059, 32.553124129], [76.744835146, 32.554469512], [76.745118057, 32.554780988], [76.745251521, 32.554948019], [76.745485975, 32.555069987], [76.74570433, 32.555142326], [76.745959894, 32.555173984], [76.746374925, 32.555192228], [76.746630304, 32.555192282], [76.747204958, 32.555160964], [76.747223017, 32.555161268], [76.747370817, 32.555133817], [76.747636984, 32.555140382], [76.747700612, 32.555169319], [76.747753032, 32.555170201], [76.749034682, 32.554935987], [76.749523956, 32.554863935], [76.74975262, 32.554809834], [76.749970895, 32.554850567], [76.750215875, 32.554922864], [76.750327812, 32.555004169], [76.750525452, 32.555252419], [76.750552542, 32.555419403], [76.750638206, 32.555595454], [76.750873206, 32.55589345], [76.75090305, 32.555925735], [76.75182385, 32.55578509], [76.752660412, 32.555805696], [76.753144462, 32.555641457], [76.754208158, 32.555465832], [76.75471624, 32.55548917], [76.755264865, 32.554877034], [76.75581577, 32.554349073], [76.756628191, 32.553962924], [76.757601853, 32.553535611], [76.758199787, 32.553189305], [76.758919645, 32.552394725], [76.760386286, 32.551573374], [76.760932515, 32.551180658], [76.761223399, 32.550465774], [76.761354586, 32.549746964], [76.761429449, 32.549117021], [76.761836056, 32.548134213], [76.762571305, 32.54688871], [76.764209897, 32.545710518], [76.765125603, 32.545417113], [76.766996347, 32.545237402], [76.767027151, 32.545240253], [76.767467594, 32.545102695], [76.769334493, 32.54492705], [76.770617021, 32.545017605], [76.771491358, 32.545604452], [76.77198151, 32.545803175], [76.773105164, 32.54613728], [76.774265863, 32.546390253], [76.775778073, 32.546783168], [76.776327104, 32.547103681], [76.777229431, 32.548078689], [76.777581625, 32.548421724], [76.778184365, 32.548895693], [76.77899432, 32.549252387], [76.779596282, 32.549345621], [76.779642206, 32.54933801], [76.780720673, 32.54895825], [76.781265286, 32.548610554], [76.782088348, 32.547908647], [76.78267696, 32.547832786], [76.784009263, 32.547820227], [76.784135383, 32.547823309], [76.78440521, 32.547605586], [76.785006101, 32.547497322], [76.786330839, 32.547483888], [76.788022876, 32.54752913], [76.790139833, 32.547682873], [76.791700563, 32.547240877], [76.792187305, 32.547027114], [76.792245136, 32.546893143], [76.79220264, 32.546576215], [76.792113049, 32.546077629], [76.792181613, 32.545628026], [76.792358171, 32.545135931], [76.792315675, 32.544819002], [76.792019302, 32.544134857], [76.791624143, 32.543222663], [76.791119465, 32.542398048], [76.790833842, 32.541398263], [76.790754998, 32.540584033], [76.790881394, 32.540000452], [76.791217629, 32.539512246], [76.791932584, 32.538852766], [76.792966889, 32.53820107], [76.793672628, 32.537812127], [76.793995051, 32.537729732], [76.794314409, 32.537737519], [76.794422393, 32.537695024], [76.794595866, 32.537293096], [76.795152641, 32.536584614], [76.795709412, 32.535876127], [76.795948356, 32.535114763], [76.796348504, 32.534312196], [76.796797276, 32.533646199], [76.797043867, 32.532659369], [76.797238763, 32.531626147], [76.798199849, 32.531559305], [76.79942093, 32.531679305], [76.799436289, 32.531684409], [76.799517366, 32.531304076], [76.800453341, 32.531222826], [76.801693163, 32.531335597], [76.8050271, 32.532441137], [76.805996927, 32.532914937], [76.806966214, 32.533221793], [76.807551158, 32.533162994], [76.808108914, 32.532941852], [76.808656877, 32.532955261], [76.80883339, 32.533221562], [76.80923387, 32.533636742], [76.809558998, 32.533799171], [76.810213878, 32.533979606], [76.810997115, 32.53430451], [76.812159024, 32.534913596], [76.812606591, 32.535112167], [76.813261153, 32.535179752], [76.813836259, 32.535342186], [76.814847913, 32.535581181], [76.815839626, 32.536190365], [76.816634358, 32.536781406], [76.817124226, 32.536894211], [76.81792325, 32.537169342], [76.818508419, 32.537169249], [76.819476381, 32.53709689], [76.819976592, 32.537141893], [76.820412997, 32.537200498], [76.821025261, 32.537304175], [76.821461742, 32.537371795], [76.822051835, 32.537258785], [76.822663192, 32.537141329], [76.823354727, 32.537141123], [76.823902964, 32.537231345], [76.824872234, 32.5375064], [76.826033045, 32.537794989], [76.826346284, 32.537916681], [76.826553005, 32.537437377], [76.826832819, 32.537037992], [76.826933175, 32.535641441], [76.826855592, 32.533202619], [76.826787148, 32.532072743], [76.826811472, 32.531351269], [76.826937681, 32.530767644], [76.82722052, 32.530278065], [76.827711689, 32.529928911], [76.828253039, 32.529671226], [76.82884457, 32.529505012], [76.829325097, 32.529471501], [76.82990903, 32.529530745], [76.830092721, 32.529496521], [76.830469422, 32.529304233], [76.830934372, 32.529192878], [76.831206123, 32.528975411], [76.831750497, 32.52862753], [76.832507759, 32.528284789], [76.833642125, 32.527815764], [76.834726293, 32.527255259], [76.834998472, 32.527081313], [76.835650787, 32.526690893], [76.836427739, 32.525761923], [76.837194066, 32.5251486], [76.837896553, 32.52484964], [76.838808888, 32.524645997], [76.839821601, 32.52462529], [76.839822609, 32.524625499], [76.840105391, 32.524508006], [76.841030051, 32.524295504], [76.84204059, 32.524259018], [76.842791152, 32.524421228], [76.843878258, 32.524926277], [76.844784731, 32.525467579], [76.845327902, 32.525616271], [76.846445877, 32.525859525], [76.847100044, 32.525845737], [76.84779685, 32.525822871], [76.848903554, 32.525912682], [76.849941831, 32.526178468], [76.851701373, 32.52721128], [76.852417414, 32.528000775], [76.853335541, 32.52879472], [76.854770896, 32.529868155], [76.855767594, 32.530350634], [76.856119656, 32.530594158], [76.856460229, 32.530616593], [76.857078014, 32.530801309], [76.859157012, 32.531856449], [76.859673675, 32.532018622], [76.860221948, 32.53209962], [76.861734579, 32.532559166], [76.863129827, 32.532914945], [76.86466889, 32.533306745], [76.865353559, 32.53352674], [76.865358358, 32.533497668], [76.865499438, 32.532463093], [76.865569224, 32.531968351], [76.8656832, 32.531745439], [76.865850401, 32.531523801], [76.866124049, 32.531304712], [76.866615109, 32.530955444], [76.867846227, 32.529179773], [76.869417699, 32.526780423], [76.86975508, 32.526246947], [76.869983006, 32.525801108], [76.870099977, 32.525488002], [76.869973396, 32.524492127], [76.869734361, 32.523674075], [76.869486304, 32.523126581], [76.869286959, 32.522715643], [76.869148356, 32.522080509], [76.869120705, 32.521312639], [76.869161316, 32.520095102], [76.869912402, 32.519932558], [76.870560052, 32.519677276], [76.871527015, 32.519429632], [76.871958778, 32.519259439], [76.872452776, 32.518819954], [76.872732393, 32.518420469], [76.873395056, 32.517714231], [76.874182171, 32.516469401], [76.874358347, 32.515977177], [76.874747389, 32.515490041], [76.875191148, 32.514959081], [76.87568812, 32.51442939], [76.876783979, 32.513507831], [76.877439084, 32.513027042], [76.875832927, 32.511679865], [76.874284528, 32.510198654], [76.873154366, 32.508953082], [76.872437918, 32.508078447], [76.872021225, 32.50779769], [76.870873071, 32.507093243], [76.870193324, 32.506715921], [76.869612491, 32.506566623], [76.868613472, 32.506181651], [76.867305717, 32.505473353], [76.86688453, 32.505327868], [76.866361434, 32.505044545], [76.865950786, 32.504583386], [76.865646563, 32.504124775], [76.865079297, 32.503569595], [76.864565245, 32.503015687], [76.863991966, 32.502640886], [76.863576817, 32.502315006], [76.863266585, 32.502036774], [76.862804254, 32.501529231], [76.86249704, 32.501160804], [76.861984518, 32.500561787], [76.861627112, 32.500101887], [76.861476521, 32.499827479], [76.861170822, 32.49941395], [76.860402818, 32.498492865], [76.859945033, 32.497850018], [76.859757822, 32.497078264], [76.859847207, 32.495997213], [76.859605283, 32.495269274], [76.8593709, 32.494315846], [76.858867468, 32.493446224], [76.858513111, 32.492896114], [76.85807044, 32.491802276], [76.857827027, 32.491119423], [76.857703601, 32.490033245], [76.857528481, 32.488900686], [76.857453741, 32.487951072], [76.857568776, 32.486103324], [76.857706851, 32.485158813], [76.857884557, 32.484621465], [76.857901144, 32.48412538], [76.85781434, 32.483536543], [76.857692431, 32.482405242], [76.857512798, 32.481407956], [76.857279966, 32.480409389], [76.857051663, 32.479275522], [76.857645921, 32.479018983], [76.858639716, 32.477959596], [76.859975297, 32.476231369], [76.860368791, 32.475608912], [76.861032794, 32.474857539], [76.861646604, 32.474014683], [76.861986882, 32.473390943], [76.86224486, 32.472043046], [76.862319143, 32.471412919], [76.862606212, 32.470787896], [76.862732183, 32.470204144], [76.862855141, 32.469710592], [76.862923395, 32.469260862], [76.86293996, 32.468764756], [76.862757291, 32.467857638], [76.862573121, 32.46699562], [76.862539502, 32.466408032], [76.862714146, 32.465960852], [76.86315928, 32.465384748], [76.863671153, 32.464404007], [76.864239221, 32.463334335], [76.86440633, 32.463112656], [76.864405374, 32.463092545], [76.864400873, 32.46308019], [76.864407835, 32.463067555], [76.864565911, 32.463116483], [76.865947908, 32.463367924], [76.86620142, 32.462883585], [76.866360046, 32.462693881], [76.865482877, 32.46141263], [76.864457773, 32.460338975], [76.863477611, 32.459820552], [76.861762873, 32.459063256], [76.860042404, 32.458197604], [76.858327215, 32.45730035], [76.856568467, 32.456159372], [76.855096667, 32.454986623], [76.854477448, 32.454327988], [76.853942786, 32.453565462], [76.853291205, 32.45280755], [76.852671915, 32.452112831], [76.851691662, 32.451562623], [76.850670559, 32.45138706], [76.85005851, 32.451184268], [76.849488864, 32.450940783], [76.84883257, 32.450318282], [76.848421216, 32.449799379], [76.847771479, 32.449456655], [76.846584075, 32.448902017], [76.845603496, 32.448243546], [76.845026431, 32.447485504], [76.844246458, 32.446479402], [76.843465813, 32.445270057], [76.842974811, 32.444751284], [76.842074169, 32.444128802], [76.840239696, 32.443885797], [76.839260938, 32.443646969], [76.838036893, 32.443200572], [76.836972624, 32.442853443], [76.835870469, 32.442334763], [76.835257446, 32.441852061], [76.834515383, 32.440985737], [76.833579619, 32.440850666], [76.832558043, 32.440539612], [76.830967492, 32.440124834], [76.830147684, 32.439746009], [76.828925136, 32.439678691], [76.828111454, 32.439507404], [76.82647562, 32.438366035], [76.824832879, 32.436773226], [76.823152681, 32.435112697], [76.820737672, 32.433001094], [76.819915704, 32.432035433], [76.816718339, 32.42812299], [76.814995829, 32.42642632], [76.81421616, 32.425356793], [76.813481087, 32.424869531], [76.812990772, 32.424454315], [76.812903638, 32.423867633], [76.812984823, 32.422829502], [76.81284755, 32.420162166], [76.812678375, 32.418948089], [76.811856047, 32.417806339], [76.810867665, 32.416317074], [76.810252349, 32.415107596], [76.809552555, 32.414069675], [76.808003032, 32.413067879], [76.806245212, 32.411781831], [76.804978367, 32.411091407], [76.803790411, 32.410157317], [76.803012289, 32.409466874], [76.801909819, 32.408672601], [76.800965546, 32.407530855], [76.800029288, 32.407183393], [76.799130606, 32.4069081], [76.797500031, 32.406980438], [76.794647115, 32.406912847], [76.793266133, 32.406985092], [76.792203131, 32.406813662], [76.79102291, 32.406569904], [76.789634781, 32.406086977], [76.788533831, 32.405671799], [76.787672031, 32.405324207], [76.786654289, 32.404394436], [76.78555233, 32.403699351], [76.784488512, 32.403284157], [76.783237451, 32.402453606], [76.782447289, 32.40124851], [76.781987177, 32.400273575], [76.781696588, 32.399131726], [76.781650892, 32.398197449], [76.78278662, 32.396288352], [76.784649699, 32.394347676], [76.785499134, 32.392650663], [76.786100863, 32.391508813], [76.787028522, 32.389428168], [76.787391873, 32.388489394], [76.787590884, 32.387658984], [76.787222405, 32.387072187], [76.786811567, 32.386517053], [76.786930075, 32.385442854], [76.787128314, 32.384400324], [76.786960075, 32.383326142], [76.786302039, 32.381908957], [76.785805131, 32.381006219], [76.785601144, 32.380383383], [76.78575753, 32.379516831], [76.785840902, 32.379033925], [76.785184959, 32.378235018], [76.784326105, 32.377061464], [76.783872422, 32.376402573], [76.784845375, 32.37515241], [76.785653817, 32.37397443], [76.786138512, 32.372832534], [76.786295226, 32.372069743], [76.785193759, 32.371379244], [76.783927161, 32.370548722], [76.782697665, 32.369718203], [76.781474059, 32.369027566], [76.780531266, 32.368124852], [76.780506395, 32.36807684], [76.78008233, 32.367258218], [76.779871537, 32.366152495], [76.779618399, 32.36507825], [76.77920607, 32.364040139], [76.778225546, 32.362965898], [76.777123283, 32.361999968], [76.776701777, 32.361359063], [76.775204098, 32.361237008], [76.773492963, 32.360790047], [76.772716692, 32.360478512], [76.771940356, 32.360130893], [76.77063229, 32.359507858], [76.769371603, 32.358781012], [76.768515317, 32.358334077], [76.767210852, 32.358852915], [76.765424305, 32.359687573], [76.764814459, 32.359931175], [76.762816847, 32.359551698], [76.760574478, 32.358964474], [76.759761805, 32.358860519], [76.75861959, 32.358652606], [76.757069577, 32.358756069], [76.755568158, 32.359103162], [76.754139015, 32.358827487], [76.753240908, 32.358551909], [76.752018458, 32.358136398], [76.75145004, 32.358032384], [76.751828844, 32.357685457], [76.752016594, 32.357513507], [76.753312566, 32.35592073], [76.754321354, 32.354187851], [76.755092494, 32.352870153], [76.755572996, 32.352035326], [76.756381904, 32.350929767], [76.757756507, 32.349056983], [76.758020792, 32.348704001], [76.759381426, 32.348246584], [76.760891745, 32.347519042], [76.762045429, 32.346834168], [76.762187516, 32.346765189], [76.763808889, 32.34579514], [76.765555408, 32.344093965], [76.765974055, 32.343709459], [76.766234516, 32.343646804], [76.767047243, 32.343612224], [76.767658383, 32.342873378], [76.768317158, 32.342844139], [76.768967522, 32.3420499], [76.770628113, 32.34010489], [76.771700316, 32.338439604], [76.772160891, 32.336426639], [76.773706016, 32.334941936], [76.77496514, 32.333691863], [76.775467655, 32.331543496], [76.775028714, 32.330392596], [76.776406982, 32.328248837], [76.776856338, 32.326118553], [76.777510568, 32.323338352], [76.777734195, 32.321943677], [76.779186279, 32.319736724], [76.782965873, 32.316834779], [76.784551051, 32.314794771], [76.78498911, 32.314090677], [76.783510054, 32.312984858], [76.781685501, 32.313287217], [76.780161234, 32.312916995], [76.779018169, 32.312271589], [76.777114803, 32.311206261], [76.775143299, 32.310362077], [76.773229808, 32.309405089], [76.770881531, 32.308551795], [76.770285853, 32.308145497], [76.769470995, 32.307215647], [76.769379024, 32.30667857], [76.770059366, 32.305365238], [76.771125157, 32.304185393], [76.772639306, 32.303439164], [76.773073431, 32.302920778], [76.773674514, 32.302621428], [76.774543553, 32.301573493], [76.774852917, 32.301387057], [76.775175749, 32.300988368], [76.77587513, 32.300563511], [76.776747055, 32.299475895], [76.777479382, 32.297936865], [76.776804581, 32.296036661], [76.775845746, 32.293283356], [76.774682566, 32.289686107], [76.773305678, 32.287199061], [76.771904394, 32.285352997], [76.770704793, 32.283542909], [76.769990346, 32.282428079], [76.770442844, 32.281299703], [76.771772775, 32.277540189], [76.772165379, 32.274322207], [76.772672722, 32.272119657], [76.773093885, 32.271149291], [76.773738365, 32.270222339], [76.774697362, 32.269770157], [76.774913997, 32.269211462], [76.775536983, 32.26891533], [76.77618378, 32.267218316], [76.776948772, 32.265977177], [76.778459545, 32.264135771], [76.778930961, 32.262362043], [76.778730167, 32.260998936], [76.777732617, 32.259279272], [76.775658842, 32.257663352], [76.774992803, 32.256706495], [76.774129645, 32.255510314], [76.772956889, 32.255307106], [76.771578024, 32.255311493], [76.7700176, 32.254936729], [76.768772208, 32.25356454], [76.767607534, 32.25254432], [76.766968976, 32.251880776], [76.766433377, 32.2502378], [76.766678937, 32.249433189], [76.767139193, 32.249276899], [76.768020576, 32.24904404], [76.768875539, 32.248766059], [76.770054485, 32.248357849], [76.770601467, 32.248160424], [76.771222653, 32.247967717], [76.772395865, 32.247739881], [76.773266509, 32.247543011], [76.773919449, 32.247399884], [76.774184941, 32.247305651], [76.774317865, 32.247202194], [76.774387034, 32.247107691], [76.774493612, 32.246936544], [76.774531094, 32.246769788], [76.774515275, 32.246549519], [76.774630281, 32.246524038], [76.774895125, 32.246429308], [76.775027348, 32.246325476], [76.775101285, 32.24623072], [76.775201443, 32.246059266], [76.775237986, 32.245892211], [76.7752047, 32.24546346], [76.775161445, 32.245197172], [76.775097409, 32.245066306], [76.774879061, 32.244809005], [76.774113723, 32.244280872], [76.773455175, 32.243955842], [76.7727172, 32.243680417], [76.77177722, 32.24326517], [76.771129038, 32.242894975], [76.770889835, 32.242714392], [76.770422113, 32.242384912], [76.770066265, 32.242190754], [76.769874866, 32.242050806], [76.769832277, 32.24199215], [76.769816135, 32.241933454], [76.769831847, 32.241861261], [76.769926522, 32.2416175], [76.770327586, 32.241012818], [76.770427782, 32.240859321], [76.770585914, 32.240570511], [76.770738626, 32.240245487], [76.770859347, 32.239861863], [76.770911427, 32.239586605], [76.77104242, 32.239099128], [76.771232135, 32.238756163], [76.771411708, 32.238512405], [76.77146964, 32.23840407], [76.771527191, 32.238178425], [76.77155241, 32.237767757], [76.771582565, 32.237275719], [76.771571308, 32.237068114], [76.77148565, 32.236806328], [76.771282637, 32.236363977], [76.771229141, 32.236196977], [76.771201412, 32.235854015], [76.771189776, 32.235529008], [76.771178764, 32.235393594], [76.771108505, 32.234978395], [76.770905169, 32.234432221], [76.770840575, 32.234125245], [76.770615214, 32.233308329], [76.770497415, 32.232974356], [76.770416477, 32.232527468], [76.77024945, 32.231715057], [76.770248798, 32.231507415], [76.770248242, 32.231354006], [76.770274501, 32.231268194], [76.770390241, 32.231001935], [76.770563842, 32.230591243], [76.770621878, 32.230482908], [76.770642731, 32.230383574], [76.770631492, 32.230198571], [76.770567089, 32.229950293], [76.770369721, 32.229571133], [76.770204285, 32.229264242], [76.769436692, 32.228004843], [76.76900539, 32.2274226], [76.768541368, 32.22656955], [76.768242913, 32.226095583], [76.767998138, 32.225820252], [76.767918293, 32.225711895], [76.767912959, 32.2257074], [76.767870152, 32.22559906], [76.767880497, 32.225504229], [76.767938274, 32.225328257], [76.768122525, 32.22493111], [76.768175916, 32.224844659], [76.768326386, 32.224637552], [76.768895296, 32.224115569], [76.769431923, 32.223773923], [76.769814716, 32.223418353], [76.769963757, 32.223224723], [76.770022401, 32.223103156], [76.770049329, 32.22295439], [76.770059456, 32.222834435], [76.770389047, 32.222525616], [76.770536814, 32.222331534], [76.770594794, 32.222209705], [76.770616338, 32.222086204], [76.770620767, 32.222060811], [76.77063601, 32.221866649], [76.770555522, 32.22157334], [76.770522919, 32.221325047], [76.770437117, 32.221022685], [76.770298623, 32.220805994], [76.769979443, 32.220481035], [76.7694692, 32.220074733], [76.768847284, 32.219569196], [76.768804637, 32.21950142], [76.768750856, 32.219275797], [76.768627388, 32.218788279], [76.768424485, 32.218327949], [76.76834373, 32.217971372], [76.768332397, 32.217732126], [76.768292247, 32.216815906], [76.768238507, 32.216581168], [76.768057146, 32.216247198], [76.76773801, 32.215890511], [76.767259824, 32.215556473], [76.766792594, 32.215344275], [76.766251272, 32.215163669], [76.765954085, 32.215041818], [76.765693785, 32.214879239], [76.765603402, 32.214784493], [76.765502062, 32.214594887], [76.765384621, 32.214337648], [76.765192387, 32.213917837], [76.764984155, 32.213457465], [76.764818501, 32.213055755], [76.764626341, 32.212644966], [76.764514444, 32.212446369], [76.764167507, 32.211697098], [76.763917115, 32.211313426], [76.763810061, 32.210979398], [76.763829217, 32.210356548], [76.763875561, 32.209941316], [76.763958301, 32.209291374], [76.763920264, 32.208988987], [76.763840125, 32.208799401], [76.763728145, 32.208596242], [76.763637735, 32.208483445], [76.763164868, 32.208167375], [76.762724256, 32.207946193], [76.761483062, 32.207688721], [76.760735187, 32.207512521], [76.760358327, 32.207354487], [76.76010326, 32.207173966], [76.759773237, 32.206718017], [76.75932568, 32.20598221], [76.759090874, 32.20548576], [76.758844956, 32.204831272], [76.758732641, 32.204506229], [76.758428231, 32.203788521], [76.758251666, 32.203264948], [76.758144699, 32.202967007], [76.757952928, 32.202651096], [76.75761266, 32.202321515], [76.757214098, 32.201982953], [76.756411712, 32.201337334], [76.756257581, 32.201210961], [76.755524151, 32.200560887], [76.755136531, 32.200321557], [76.75425536, 32.199888072], [76.753554707, 32.199567428], [76.753034805, 32.199404846], [76.752334508, 32.199179005], [76.751729503, 32.198944205], [76.751336912, 32.198795177], [76.750636573, 32.198555745], [76.750408405, 32.198501515], [76.750031887, 32.198424677], [76.749607535, 32.198320773], [76.749284391, 32.198352345], [76.749268533, 32.198356815], [76.748420776, 32.198455935], [76.747180694, 32.19849617], [76.746178256, 32.198274726], [76.745525404, 32.197945108], [76.744388723, 32.197132382], [76.743140859, 32.196319573], [76.74220028, 32.195506829], [76.741481736, 32.194482101], [76.740906792, 32.19361533], [76.740070315, 32.19209849], [76.738925963, 32.190432686], [76.737963111, 32.189195611], [76.736973591, 32.187917991], [76.735989616, 32.18669901], [76.735305224, 32.186227998], [76.735182559, 32.186143577], [76.735071137, 32.186124374], [76.734657609, 32.186053102], [76.733984585, 32.186052861], [76.733303875, 32.186172903], [76.733116012, 32.186206033], [76.73201974, 32.186449344], [76.731347359, 32.186692768], [76.730961679, 32.187080756], [76.730902383, 32.187611079], [76.730878915, 32.187820968], [76.730536033, 32.188380485], [76.730518329, 32.188392114], [76.730144606, 32.188637619], [76.7297315, 32.188714132], [76.729339005, 32.188605612], [76.72859619, 32.188289447], [76.727789766, 32.187959608], [76.727227814, 32.187887132], [76.726444087, 32.188112491], [76.725379784, 32.188427956], [76.72343689, 32.189167313], [76.721203243, 32.190136622], [76.718928591, 32.191697197], [76.717394728, 32.192797719], [76.716226153, 32.193817092], [76.71549213, 32.194800671], [76.714672968, 32.19567582], [76.713720612, 32.196253021], [76.712454954, 32.196672066], [76.711062569, 32.197231029], [76.709703543, 32.198403756], [76.708439229, 32.199837015], [76.708383885, 32.199846152], [76.708358017, 32.199850422], [76.708275879, 32.199301072], [76.708204636, 32.199112183], [76.707728202, 32.199020934], [76.706746905, 32.198708948], [76.705309088, 32.198152912], [76.703499275, 32.197176918], [76.701674118, 32.196376932], [76.699977446, 32.19610047], [76.697608475, 32.196162168], [76.69471563, 32.196539353], [76.694567076, 32.196448963], [76.694581781, 32.195984048], [76.694796484, 32.194910001], [76.694789994, 32.194445142], [76.694571186, 32.193817682], [76.693890699, 32.192982214], [76.693077206, 32.191893901], [76.691981825, 32.190376651], [76.690573721, 32.188845599], [76.688231952, 32.186903156], [76.686962558, 32.185701699], [76.686260452, 32.184595395], [76.685642054, 32.183037781], [76.685332828, 32.1822432], [76.684828384, 32.181836628], [76.684090873, 32.181429855], [76.682678926, 32.180408731], [76.680947348, 32.178633591], [76.678913306, 32.176637095], [76.678520548, 32.176356973], [76.676958007, 32.176603885], [76.674785905, 32.176791698], [76.673630699, 32.176759145], [76.672565128, 32.176537047], [76.670725295, 32.176043532], [76.669182575, 32.175672036], [76.668420776, 32.175604799], [76.667375369, 32.175512523], [76.666177859, 32.175533996], [76.665420662, 32.175754403], [76.664573674, 32.176128239], [76.662928158, 32.177264091], [76.661562933, 32.178192589], [76.659832835, 32.179454696], [76.658848742, 32.180189397], [76.657447319, 32.181560136], [76.655802159, 32.182916971], [76.654696415, 32.183827567], [76.653960358, 32.184106664], [76.65315498, 32.184146488], [76.652593279, 32.18416401], [76.652165731, 32.184265726], [76.652026599, 32.184298827], [76.651269378, 32.184613971], [76.650422199, 32.184983165], [76.649617161, 32.185208032], [76.64901304, 32.185211881], [76.648106408, 32.184958246], [76.646319501, 32.184405727], [76.645233042, 32.184372944], [76.644512891, 32.184633956], [76.643062856, 32.185674982], [76.641549246, 32.186733921], [76.640071789, 32.187291957], [76.63866265, 32.187570175], [76.637422663, 32.187627457], [76.636023459, 32.187576166], [76.634762739, 32.187854547], [76.633333291, 32.188638261], [76.631680786, 32.189177895], [76.630292612, 32.189347781], [76.628724031, 32.189368479], [76.627033702, 32.189483751], [76.625597954, 32.18974373], [76.625069696, 32.189964826], [76.624533435, 32.190189268], [76.623390395, 32.191153644], [76.622158216, 32.192718279], [76.621206312, 32.193998795], [76.620581722, 32.194462856], [76.619951312, 32.194651667], [76.619060987, 32.194650496], [76.618059199, 32.194558911], [76.617190062, 32.194598428], [76.616167674, 32.194876898], [76.61453099, 32.195529216], [76.612142251, 32.196514464], [76.611168109, 32.197149459], [76.610845387, 32.197573289], [76.610819887, 32.197685897], [76.610654958, 32.197792558], [76.610329712, 32.198215429], [76.610221609, 32.198679521], [76.610198185, 32.199215991], [76.610177732, 32.200275542], [76.610170334, 32.200382842], [76.610087288, 32.201587381], [76.609872106, 32.202312652], [76.609600721, 32.202747765], [76.609332616, 32.203009749], [76.608533332, 32.203717209], [76.607644069, 32.20451488], [76.606887039, 32.205163712], [76.606050226, 32.205582315], [76.604725861, 32.206081374], [76.60408403, 32.206372549], [76.603248022, 32.206751809], [76.602252342, 32.207328071], [76.6017864, 32.207882095], [76.601675364, 32.207945864], [76.600934475, 32.20881828], [76.600149546, 32.210019613], [76.599540518, 32.21103674], [76.598627558, 32.212409129], [76.598125368, 32.213241632], [76.597632834, 32.214039151], [76.597233241, 32.214686169], [76.596943383, 32.215061083], [76.596252612, 32.215456729], [76.595362664, 32.215902268], [76.594647868, 32.216515021], [76.594484595, 32.216710459], [76.59401369, 32.217110756], [76.593452916, 32.217775444], [76.59281077, 32.218294994], [76.591756599, 32.218929769], [76.590689077, 32.21921172], [76.590193364, 32.219342643], [76.589409087, 32.219603154], [76.588889974, 32.21991835], [76.588392194, 32.220400492], [76.588387298, 32.220407811], [76.588232915, 32.220500781], [76.587732174, 32.220981693], [76.587356004, 32.221537761], [76.587144786, 32.221849987], [76.586494684, 32.222797067], [76.586174397, 32.222801973], [76.585993788, 32.222793264], [76.58520899, 32.222701811], [76.584339303, 32.222515366], [76.583183324, 32.222260865], [76.581846977, 32.221911194], [76.580515771, 32.2214487], [76.5794501, 32.221374791], [76.578580776, 32.221486293], [76.577817655, 32.221746797], [76.576821611, 32.222286783], [76.575793142, 32.222960656], [76.572564839, 32.22300987], [76.567316971, 32.223089736], [76.565720496, 32.2223765], [76.564718189, 32.222045322], [76.563758605, 32.221953426], [76.562258418, 32.222140391], [76.560891065, 32.222494587], [76.560043334, 32.222993991], [76.559902832, 32.223202286], [76.559352872, 32.223523811], [76.558898738, 32.224189489], [76.558395461, 32.225152644], [76.557871064, 32.226097696], [76.55716723, 32.226861776], [76.556622792, 32.22754969], [76.556401167, 32.227932592], [76.556384617, 32.227933939], [76.556145882, 32.227825231], [76.555599518, 32.227490229], [76.554639476, 32.227068765], [76.553721853, 32.226588788], [76.55259246, 32.226460317], [76.550832411, 32.226569955], [76.54928451, 32.226738616], [76.547699538, 32.227001991], [76.545330245, 32.22766994], [76.543485694, 32.228266766], [76.540437707, 32.229010152], [76.538720154, 32.229327226], [76.535221014, 32.229514518], [76.533524407, 32.229479567], [76.533068403, 32.229311735], [76.532696994, 32.228981501], [76.532277817, 32.228389521], [76.531996423, 32.227797752], [76.531556204, 32.227553091], [76.530946353, 32.227371433], [76.529361057, 32.227151621], [76.527420456, 32.226985221], [76.526964517, 32.227020453], [76.52673675, 32.227277207], [76.526684295, 32.22745521], [76.526232909, 32.227489238], [76.526003492, 32.227740872], [76.525458295, 32.229555933], [76.52486513, 32.231406846], [76.52438888, 32.232203134], [76.524276058, 32.232291071], [76.523521584, 32.232546474], [76.522779422, 32.232797655], [76.520303892, 32.233690643], [76.518718808, 32.234120629], [76.518172712, 32.234101434], [76.517653014, 32.23393339], [76.517117385, 32.233693045], [76.516331129, 32.233106699], [76.515854997, 32.232751623], [76.513929612, 32.23110481], [76.512969679, 32.230529613], [76.512253785, 32.230324996], [76.511686481, 32.230310281], [76.510817024, 32.230457338], [76.508579859, 32.230957964], [76.506125336, 32.231665675], [76.504624984, 32.231964776], [76.504557372, 32.231972539], [76.501385663, 32.232336665], [76.500070361, 32.232436173], [76.499646539, 32.232468236], [76.499519359, 32.23253561], [76.498480568, 32.234058675], [76.498292227, 32.235116541], [76.498197732, 32.23526276], [76.498003636, 32.235816593], [76.497398049, 32.236941421], [76.497107257, 32.23753508], [76.496090581, 32.238760366], [76.494108076, 32.240931139], [76.493478568, 32.241399796], [76.492382956, 32.242215442], [76.491297362, 32.242602694], [76.490414893, 32.24292383], [76.489377944, 32.243348011], [76.488473403, 32.243804211], [76.4874343, 32.244611661], [76.48727354, 32.24489955], [76.487122016, 32.245412933], [76.486890847, 32.245957578], [76.48657507, 32.246443264], [76.486158686, 32.246896959], [76.48599274, 32.24715333], [76.485729021, 32.247828546], [76.485283844, 32.248678968], [76.484842953, 32.249700609], [76.484543352, 32.250157451], [76.484468803, 32.25018805], [76.484349902, 32.250222584], [76.484262541, 32.250245761], [76.483565237, 32.250414227], [76.48343003, 32.250446892], [76.483348818, 32.250464278], [76.482220888, 32.250705748], [76.480698976, 32.250832928], [76.479755048, 32.250744949], [76.478339084, 32.250303756], [76.477951602, 32.250018397], [76.477373843, 32.249592903], [76.476148838, 32.248506841], [76.475000364, 32.248590579], [76.474114587, 32.247830442], [76.473664404, 32.247684231], [76.473234937, 32.247623847], [76.472714933, 32.247626164], [76.471435627, 32.247747135], [76.47050713, 32.247729737], [76.469961654, 32.247560551], [76.469241634, 32.247291519], [76.46832416, 32.247220089], [76.467092985, 32.247259943], [76.465670507, 32.247339587], [76.46370227, 32.247299707], [76.462937765, 32.247391175], [76.459061111, 32.249750823], [76.457881863, 32.25087305], [76.4569058, 32.251734532], [76.456547656, 32.252170369], [76.45654621, 32.252418299], [76.456872605, 32.252852562], [76.456996795, 32.253376169], [76.456861115, 32.253885121], [76.456469943, 32.254528155], [76.455245991, 32.256010865], [76.454460344, 32.256958773], [76.453778143, 32.25745184], [76.453147796, 32.257776127], [76.453091509, 32.257805084], [76.452389548, 32.258050039], [76.451364214, 32.258257484], [76.451329309, 32.258265138], [76.45057784, 32.258429897], [76.450188771, 32.258707755], [76.449675889, 32.259273701], [76.448996404, 32.260208557], [76.448531282, 32.260774701], [76.447889988, 32.261515844], [76.446812011, 32.262521068], [76.446061354, 32.262914596], [76.444810892, 32.263468169], [76.44443478, 32.26363687], [76.444013478, 32.26374165], [76.443191477, 32.263743869], [76.442093519, 32.263745497], [76.441069992, 32.263589266], [76.439871374, 32.263387433], [76.438646267, 32.263113302], [76.436800844, 32.262539618], [76.436275784, 32.262402827], [76.435453727, 32.262274125], [76.434599936, 32.262041645], [76.433146963, 32.261536735], [76.431895502, 32.261145148], [76.430506173, 32.260653813], [76.429684259, 32.260258946], [76.429291772, 32.260217183], [76.428830247, 32.260495727], [76.428756747, 32.260552679], [76.428707401, 32.260528851], [76.42831497, 32.260486536], [76.427851616, 32.260763925], [76.426539861, 32.261767991], [76.425585852, 32.262421933], [76.425121301, 32.262875241], [76.42453867, 32.263544373], [76.423934821, 32.264213499], [76.423508421, 32.264504596], [76.42263611, 32.264825304], [76.42240153, 32.264779933], [76.421352715, 32.265522811], [76.420830719, 32.266656645], [76.420400261, 32.267588007], [76.420178551, 32.268245244], [76.420057364, 32.268930047], [76.420059756, 32.269394507], [76.420273666, 32.26997258], [76.420924355, 32.271138903], [76.421353515, 32.272096726], [76.421593592, 32.27272451], [76.421528331, 32.272972234], [76.421405707, 32.273070897], [76.421070382, 32.273213576], [76.420591357, 32.273432343], [76.420180518, 32.273782107], [76.419788363, 32.274524312], [76.419773398, 32.274554616], [76.419765944, 32.274569711], [76.419507648, 32.275092769], [76.419148545, 32.275819956], [76.418669517, 32.276854736], [76.4184799, 32.277462587], [76.418255606, 32.277682477], [76.41786185, 32.277829438], [76.417127605, 32.27811914], [76.415931495, 32.278411234], [76.414416547, 32.278773887], [76.41362957, 32.278995713], [76.41287273, 32.279488158], [76.412391271, 32.279853936], [76.411490193, 32.279896363], [76.41080433, 32.280098155], [76.410389972, 32.28011692], [76.40906586, 32.280502951], [76.407921272, 32.281029664], [76.407116333, 32.281566914], [76.406227784, 32.281887446], [76.40545685, 32.282091193], [76.404685436, 32.282353634], [76.404258469, 32.282716838], [76.40384016, 32.283373134], [76.403533286, 32.284043496], [76.403173382, 32.284695594], [76.402676563, 32.285175694], [76.402073742, 32.28562819], [76.401530603, 32.285891652], [76.401124403, 32.286322559], [76.400647956, 32.286933527], [76.400282764, 32.287186622], [76.397304259, 32.287399171], [76.396020447, 32.287359152], [76.394874616, 32.287256296], [76.393331012, 32.286913054], [76.392339266, 32.286594099], [76.39197855, 32.28660654], [76.391856274, 32.286867888], [76.39184484, 32.286987424], [76.391189941, 32.286775599], [76.390828913, 32.286787404], [76.390705106, 32.287048305], [76.390636955, 32.287719827], [76.390444804, 32.288665716], [76.390029722, 32.289606021], [76.389532337, 32.290162796], [76.388795135, 32.290858066], [76.387039204, 32.292269857], [76.38640841, 32.292925107], [76.385002314, 32.294410662], [76.38389729, 32.295311507], [76.38266287, 32.296518438], [76.381877395, 32.297276509], [76.38119445, 32.297769218], [76.380725625, 32.297924431], [76.380582067, 32.297938367], [76.380231378, 32.298006482], [76.379360764, 32.298089362], [76.378170028, 32.298317942], [76.376883388, 32.298595664], [76.375754256, 32.299135671], [76.374505862, 32.30003577], [76.374078431, 32.300430362], [76.373964805, 32.300731969], [76.374034386, 32.301431138], [76.373946746, 32.301822962], [76.373418271, 32.302248655], [76.372581674, 32.302681899], [76.371639721, 32.303019904], [76.371027474, 32.303260357], [76.370753522, 32.303727833], [76.370376538, 32.304496958], [76.369813421, 32.305314796], [76.369049138, 32.306054961], [76.368418721, 32.30661083], [76.367405511, 32.307250606], [76.366535103, 32.307976599], [76.365941309, 32.308613899], [76.365117402, 32.309516015], [76.364844274, 32.309852794], [76.364761938, 32.31023116], [76.364699413, 32.311583456], [76.364508699, 32.313052349], [76.364337306, 32.31402991], [76.364000546, 32.31510587], [76.363469673, 32.315847102], [76.362817209, 32.316515675], [76.362080437, 32.317098026], [76.361269297, 32.317662086], [76.360038079, 32.318318679], [76.360125802, 32.319437243], [76.360289536, 32.320326299], [76.360216436, 32.320907631], [76.359909985, 32.321447074], [76.35941255, 32.321954111], [76.359316358, 32.322043741], [76.358728459, 32.322568267], [76.358341617, 32.323220069], [76.358084884, 32.324224302], [76.35784141, 32.324863321], [76.357313378, 32.325198756], [76.355753136, 32.325808491], [76.354612736, 32.326361817], [76.353961638, 32.326827321], [76.353715703, 32.327019424], [76.353586291, 32.327120507], [76.353583106, 32.327122996], [76.353522897, 32.32707692], [76.353186602, 32.326819555], [76.352036197, 32.325831817], [76.350757917, 32.325249843], [76.349797671, 32.325002817], [76.349081228, 32.324946176], [76.348478699, 32.325095928], [76.348403459, 32.325076442], [76.347686966, 32.325018623], [76.34699561, 32.325188824], [76.346061637, 32.324701037], [76.344014475, 32.323696514], [76.343192245, 32.323450005], [76.342459696, 32.323483512], [76.342101261, 32.323603629], [76.341803308, 32.323513722], [76.341070244, 32.323545975], [76.340415544, 32.323763527], [76.339903329, 32.324098985], [76.338915922, 32.324792736], [76.338029106, 32.325523012], [76.336641394, 32.326480584], [76.335766969, 32.32696293], [76.334872941, 32.327224228], [76.33408541, 32.327427532], [76.333477888, 32.327730919], [76.33308154, 32.328184224], [76.332417224, 32.328983271], [76.331865355, 32.329638637], [76.330866113, 32.330480964], [76.330061466, 32.330846415], [76.329012781, 32.331178978], [76.328172458, 32.331354873], [76.327316255, 32.331517218], [76.326788315, 32.331807413], [76.326424303, 32.332197797], [76.326037649, 32.332777345], [76.325575688, 32.333473717], [76.324873463, 32.334349153], [76.324307089, 32.334815046], [76.323642001, 32.334987337], [76.322732924, 32.335104163], [76.322072802, 32.335317057], [76.321645057, 32.335698006], [76.321300495, 32.336322884], [76.320648083, 32.336919092], [76.319826162, 32.337460206], [76.319231696, 32.337665549], [76.319080712, 32.337717701], [76.318935023, 32.337757174], [76.318715179, 32.337816739], [76.318330281, 32.337921022], [76.317076336, 32.3379954], [76.315773783, 32.338168708], [76.313933259, 32.338555486], [76.313247283, 32.338660014], [76.312373727, 32.338993354], [76.311706825, 32.339386525], [76.31095586, 32.33966197], [76.309631228, 32.339952323], [76.308897056, 32.340036274], [76.308558248, 32.339957404], [76.30808086, 32.339757117], [76.307513292, 32.339565385], [76.306860573, 32.33945013], [76.306091173, 32.339320793], [76.305661472, 32.339161258], [76.305385932, 32.338898471], [76.304845316, 32.338458638], [76.304399908, 32.33824038], [76.303922278, 32.338179861], [76.303306419, 32.338227187], [76.302943447, 32.338243771], [76.302904498, 32.338224591], [76.302426889, 32.338163349], [76.301810459, 32.338209496], [76.301172935, 32.338237515], [76.300993759, 32.338248355], [76.300960184, 32.338245208], [76.300164749, 32.337822483], [76.29923671, 32.337367677], [76.298398328, 32.33722452], [76.297506764, 32.337139787], [76.296906951, 32.337123981], [76.296577631, 32.337167709], [76.296013935, 32.337113239], [76.295413822, 32.337096384], [76.294951314, 32.337156955], [76.294727223, 32.337286463], [76.293982955, 32.338071362], [76.293245635, 32.338635261], [76.292215018, 32.339350957], [76.291547626, 32.339802556], [76.291412296, 32.340121976], [76.291265412, 32.340572008], [76.291197412, 32.341126187], [76.290872543, 32.34190888], [76.290336129, 32.342595743], [76.289846614, 32.34337748], [76.289554922, 32.344002554], [76.289438477, 32.344628632], [76.289519799, 32.345106967], [76.289666985, 32.345978014], [76.289798376, 32.346839877], [76.289748034, 32.347840557], [76.289800908, 32.348240138], [76.289848342, 32.348598611], [76.289786938, 32.348609511], [76.289670583, 32.348630164], [76.289183522, 32.348716618], [76.288582503, 32.348816937], [76.288283046, 32.349076707], [76.287816563, 32.349633244], [76.287440171, 32.350212726], [76.287270977, 32.350793383], [76.28734459, 32.35156476], [76.287618664, 32.352513166], [76.287962639, 32.353358201], [76.288035341, 32.354255867], [76.287813221, 32.355481015], [76.287658405, 32.356251094], [76.287255509, 32.356830519], [76.286655444, 32.357471873], [76.286483224, 32.357759416], [76.286239584, 32.358344219], [76.285858305, 32.359545861], [76.285635688, 32.360157795], [76.28542587, 32.361175617], [76.285193132, 32.362396133], [76.284953243, 32.363170298], [76.284486723, 32.363722254], [76.283955888, 32.364345935], [76.283653393, 32.364970904], [76.28342897, 32.365812749], [76.283053251, 32.366964888], [76.282955694, 32.36788865], [76.282787101, 32.369055429], [76.282508631, 32.370014173], [76.282114351, 32.370827995], [76.281718951, 32.371105338], [76.281139338, 32.371165154], [76.279726825, 32.371071442], [76.278902343, 32.371188463], [76.277820976, 32.371538417], [76.276726756, 32.372176912], [76.275935623, 32.372772056], [76.275478467, 32.373468329], [76.275358502, 32.373859853], [76.275000392, 32.374791124], [76.274603593, 32.375239678], [76.273984716, 32.37556076], [76.272880258, 32.376140572], [76.27205918, 32.376487501], [76.27200879, 32.37649284], [76.271145435, 32.376138012], [76.270364749, 32.375817155], [76.268113992, 32.374892074], [76.267376518, 32.374586717], [76.266225185, 32.37419385], [76.26554017, 32.37415498], [76.264972183, 32.374066894], [76.264595792, 32.373817064], [76.264245538, 32.37369829], [76.264075436, 32.37380145], [76.264021713, 32.374049371], [76.264022432, 32.374053063], [76.263816707, 32.374041028], [76.263248905, 32.373952081], [76.262873691, 32.373701936], [76.262523984, 32.373582588], [76.262353062, 32.373685301], [76.262297924, 32.373932947], [76.262471195, 32.374849311], [76.262477823, 32.375999067], [76.262495604, 32.377076726], [76.260846152, 32.378018377], [76.260024006, 32.37848698], [76.259551748, 32.379065834], [76.259410487, 32.379443758], [76.259478813, 32.380183574], [76.259897847, 32.381583752], [76.260118183, 32.382585969], [76.260020968, 32.384082249], [76.260172562, 32.385043509], [76.260193789, 32.385701903], [76.260186934, 32.385886746], [76.25969269, 32.387191345], [76.258894607, 32.388615944], [76.258334174, 32.389563969], [76.25785344, 32.390521522], [76.257424211, 32.391673234], [76.257000915, 32.392748276], [76.256862707, 32.393401241], [76.256653539, 32.394124929], [76.256644567, 32.394155972], [76.256596647, 32.394157774], [76.256568249, 32.394164544], [76.25644432, 32.394194089], [76.255508013, 32.393983917], [76.254753193, 32.394011026], [76.253895927, 32.394213352], [76.252852271, 32.394459697], [76.251772603, 32.394561449], [76.250693033, 32.394649728], [76.248918175, 32.395270453], [76.248523099, 32.395484466], [76.248359579, 32.395535655], [76.247713096, 32.395266133], [76.246965363, 32.394834248], [76.24625474, 32.394375434], [76.245708937, 32.39388578], [76.245417318, 32.39369951], [76.245109126, 32.39376128], [76.24481934, 32.393899834], [76.244322673, 32.394137299], [76.244138037, 32.393970698], [76.243861047, 32.393720765], [76.243570256, 32.393534197], [76.243261595, 32.393595461], [76.240887256, 32.39472185], [76.240131107, 32.394893182], [76.238951419, 32.394877022], [76.237305175, 32.394731804], [76.236253196, 32.394702957], [76.235347858, 32.394918385], [76.234296638, 32.395430514], [76.233658468, 32.395633094], [76.232660692, 32.395169107], [76.23227861, 32.395045534], [76.231864007, 32.395138518], [76.231738353, 32.395199992], [76.231508122, 32.395312631], [76.231239747, 32.395187217], [76.230798201, 32.394980876], [76.230416544, 32.394856829], [76.230001256, 32.394948952], [76.228533771, 32.395661429], [76.228203055, 32.395799146], [76.226486701, 32.395775074], [76.225073556, 32.395716837], [76.223664245, 32.395562267], [76.223587612, 32.395548397], [76.222425611, 32.395105502], [76.221884538, 32.39487292], [76.221699382, 32.394614925], [76.221654252, 32.394219428], [76.221649413, 32.394177019], [76.221606127, 32.393797682], [76.221343468, 32.392736062], [76.221085601, 32.391913644], [76.220863295, 32.391650949], [76.220211381, 32.391160643], [76.219172471, 32.390424965], [76.218568678, 32.38982656], [76.217843731, 32.388898274], [76.217436901, 32.388160912], [76.216797967, 32.386885508], [76.216719264, 32.386555728], [76.216789074, 32.386294302], [76.217061083, 32.385893882], [76.217455645, 32.38535422], [76.217525565, 32.38504314], [76.217082573, 32.383967154], [76.216168558, 32.382316039], [76.215523527, 32.381302322], [76.21515827, 32.380903512], [76.214141526, 32.379901652], [76.212536152, 32.378626379], [76.211338053, 32.377934967], [76.209773813, 32.377133631], [76.20730789, 32.375985117], [76.205468069, 32.375020034], [76.20390438, 32.374092265], [76.202373458, 32.372866824], [76.201557778, 32.37217716], [76.200826509, 32.371663817], [76.200317808, 32.371313989], [76.200138212, 32.371006343], [76.19978508, 32.370142815], [76.199199838, 32.368790852], [76.198522879, 32.367921258], [76.196854437, 32.367771652], [76.196798156, 32.367698832], [76.194621638, 32.367500159], [76.192774103, 32.367348591], [76.192342238, 32.367311051], [76.191814575, 32.366838419], [76.190942004, 32.365701624], [76.188680514, 32.363886002], [76.187191435, 32.362962901], [76.186592644, 32.362580962], [76.184283277, 32.360859782], [76.183011569, 32.360072981], [76.181595852, 32.359475132], [76.180271088, 32.35869257], [76.17905203, 32.358050446], [76.177837702, 32.357597881], [76.176963442, 32.357061166], [76.175597306, 32.355953531], [76.17532682, 32.355893602], [76.174185684, 32.35578874], [76.173979163, 32.355739237], [76.173934207, 32.355702444], [76.173658553, 32.355642032], [76.173519359, 32.355629022], [76.172917749, 32.355484814], [76.170595234, 32.354634117], [76.169205037, 32.354476336], [76.168931583, 32.35437565], [76.167477623, 32.35420821], [76.16734059, 32.354202938], [76.167321481, 32.354202203], [76.1673161, 32.354157422], [76.167310719, 32.354112642], [76.16732042, 32.354106107], [76.167975801, 32.353664702], [76.168892669, 32.352586213], [76.170385034, 32.350842727], [76.171446387, 32.349390376], [76.1716232, 32.348894909], [76.171603754, 32.348357757], [76.171251479, 32.347358806], [76.171120703, 32.34678511], [76.171206952, 32.346397439], [76.172194058, 32.344890633], [76.172408239, 32.344350209], [76.172516109, 32.343822765], [76.17254952, 32.343376204], [76.172619402, 32.343114767], [76.17292307, 32.342773337], [76.173901732, 32.342204993], [76.174582818, 32.341707405], [76.174945068, 32.34132112], [76.175323661, 32.34082208], [76.175500994, 32.340159571], [76.175308548, 32.33896285], [76.174847305, 32.337205296], [76.174514428, 32.336738932], [76.173804926, 32.336189436], [76.172698436, 32.33534476], [76.17216939, 32.334818756], [76.171640591, 32.334207001], [76.170907127, 32.332912875], [76.169806915, 32.330204623], [76.169569844, 32.329693544], [76.169401934, 32.329106086], [76.169203942, 32.326442773], [76.16868425, 32.324729991], [76.167858351, 32.322560067], [76.167419649, 32.322016345], [76.166731083, 32.321615891], [76.165406517, 32.320973191], [76.162442258, 32.318702342], [76.161659032, 32.318066711], [76.161570018, 32.317714327], [76.16147546, 32.317452202], [76.161254787, 32.316783221], [76.160907498, 32.315937666], [76.160846906, 32.315043957], [76.160859876, 32.314353585], [76.160950757, 32.31415101], [76.161365514, 32.313922857], [76.162178411, 32.31364264], [76.162460842, 32.313287521], [76.162799284, 32.312102442], [76.162976176, 32.311584425], [76.163425456, 32.310566749], [76.16354444, 32.309890546], [76.163357154, 32.308815597], [76.162936067, 32.307793745], [76.16271541, 32.307147351], [76.162822808, 32.306777877], [76.163464208, 32.30543632], [76.164159076, 32.303950704], [76.163959555, 32.303336027], [76.163082471, 32.302244133], [76.162427982, 32.301212122], [76.162207009, 32.300660489], [76.161985929, 32.300167547], [76.161966295, 32.29970268], [76.16226646, 32.298810658], [76.162657236, 32.297801804], [76.163249667, 32.296784935], [76.164379402, 32.295319453], [76.165369196, 32.294466938], [76.165661755, 32.294251779], [76.167106678, 32.292137964], [76.167676816, 32.291409762], [76.169056839, 32.290386329], [76.169275877, 32.290223885], [76.169314967, 32.290194895], [76.169677127, 32.289767918], [76.169563842, 32.288738514], [76.169068404, 32.287779471], [76.168629834, 32.287222303], [76.168265317, 32.286778361], [76.168218311, 32.286593483], [76.168171115, 32.286407857], [76.168119047, 32.286091687], [76.168061795, 32.285780119], [76.167909624, 32.285282956], [76.167583186, 32.284527845], [76.167151969, 32.284110215], [76.16709142, 32.284051573], [76.167666112, 32.284058155], [76.16777574, 32.284059411], [76.168169588, 32.283691319], [76.169849671, 32.282575958], [76.170532993, 32.282205935], [76.170535175, 32.282204754], [76.170859077, 32.28207481], [76.171379856, 32.281865881], [76.172176588, 32.281558378], [76.172861725, 32.281309011], [76.175755792, 32.28102868], [76.175790934, 32.281025277], [76.175950332, 32.280926824], [76.176226922, 32.280707029], [76.176391911, 32.280558867], [76.176853403, 32.279401799], [76.176862556, 32.279378851], [76.177563672, 32.279088959], [76.177868552, 32.279010052], [76.177871656, 32.279009249], [76.1780321, 32.278916429], [76.178983535, 32.278365993], [76.179094029, 32.278302067], [76.179875908, 32.277628922], [76.180556529, 32.277126844], [76.18152994, 32.276292178], [76.182014485, 32.275739391], [76.181935014, 32.275526999], [76.1815358, 32.274460053], [76.18111419, 32.273623252], [76.180832051, 32.273022202], [76.180819119, 32.272994653], [76.1809626, 32.272914097], [76.181705386, 32.272867993], [76.18226785, 32.272807509], [76.182644866, 32.272682929], [76.182931852, 32.272494745], [76.183186661, 32.272419285], [76.184433131, 32.272429723], [76.185589911, 32.272290791], [76.186312057, 32.272073139], [76.186780146, 32.271655618], [76.1874549, 32.270912619], [76.187514636, 32.270846841], [76.188463928, 32.269199747], [76.189072617, 32.267916537], [76.189053004, 32.267402051], [76.187927791, 32.264251524], [76.187746578, 32.263437712], [76.187744732, 32.263429424], [76.187867618, 32.263123097], [76.188553723, 32.26252167], [76.190285288, 32.261875304], [76.190428042, 32.261822015], [76.188654094, 32.260933762], [76.187075419, 32.260353201], [76.186689784, 32.259877539], [76.186124039, 32.259306295], [76.184964057, 32.258836094], [76.184169257, 32.25860212], [76.183894271, 32.258375262], [76.183767756, 32.257939492], [76.183763078, 32.257923378], [76.183800946, 32.25768884], [76.184350765, 32.256545348], [76.184729471, 32.255879287], [76.1854278, 32.254722805], [76.185473936, 32.253990401], [76.185478095, 32.253924372], [76.185330638, 32.253567129], [76.184935422, 32.252789133], [76.184460388, 32.252064921], [76.183831868, 32.251263226], [76.182653446, 32.249958028], [76.18264286, 32.249944444], [76.18241269, 32.249557669], [76.182384323, 32.249510001], [76.182296258, 32.248908917], [76.182285749, 32.248837187], [76.181905362, 32.248379593], [76.181604032, 32.248084856], [76.181397781, 32.247921404], [76.181336247, 32.247827527], [76.181302826, 32.24777654], [76.181239903, 32.247546103], [76.181257081, 32.24713555], [76.181252677, 32.246851224], [76.181280299, 32.246517511], [76.181281141, 32.246233139], [76.181249931, 32.246048013], [76.181055582, 32.245633032], [76.181055057, 32.245631909], [76.181028711, 32.245585333], [76.180985769, 32.245509414], [76.180881049, 32.245324276], [76.180849566, 32.245229383], [76.180830959, 32.245052501], [76.180818691, 32.244935885], [76.180888646, 32.244597808], [76.180899438, 32.244552697], [76.181171586, 32.243994492], [76.181498428, 32.242949138], [76.181431047, 32.242452415], [76.181368128, 32.242221975], [76.181305275, 32.241996003], [76.181300649, 32.241783952], [76.18140193, 32.241617422], [76.181677664, 32.241600755], [76.182680401, 32.241438483], [76.183019945, 32.241386019], [76.183178276, 32.241361864], [76.183364741, 32.241333417], [76.183518644, 32.241280016], [76.183709942, 32.241163603], [76.18381089, 32.241105444], [76.183879825, 32.241083182], [76.183823891, 32.240347388], [76.183809401, 32.239873469], [76.183760897, 32.238451844], [76.183620506, 32.237571272], [76.18348547, 32.236690655], [76.183098886, 32.236521844], [76.182993927, 32.236191945], [76.1827665, 32.235992293], [76.182666609, 32.235730072], [76.182598417, 32.235490647], [76.182095872, 32.235145242], [76.181889534, 32.234981872], [76.1816676, 32.234755196], [76.181546118, 32.23459669], [76.18167496, 32.234114389], [76.182233065, 32.233683881], [76.182902109, 32.233357639], [76.183751152, 32.233122517], [76.184340401, 32.23289518], [76.1848086, 32.232400965], [76.185197105, 32.231910954], [76.185389449, 32.231460571], [76.185422955, 32.230910229], [76.185499993, 32.230017093], [76.185496231, 32.229516183], [76.185509315, 32.228735591], [76.185516229, 32.228189655], [76.185505682, 32.228144459], [76.185380238, 32.227606891], [76.184871984, 32.227387861], [76.184347547, 32.227254549], [76.183890265, 32.227248554], [76.183426851, 32.227129905], [76.18236603, 32.227114173], [76.18225388, 32.227091212], [76.18179887, 32.22680921], [76.181381129, 32.226441763], [76.181122738, 32.226020875], [76.181080667, 32.225889784], [76.180986335, 32.225546388], [76.180934007, 32.225329522], [76.180929807, 32.224986571], [76.181063924, 32.224499837], [76.181118188, 32.224107548], [76.181034218, 32.223849927], [76.180849801, 32.223465429], [76.180638842, 32.223139578], [76.18047545, 32.222845512], [76.180438842, 32.222678372], [76.180337468, 32.222880914], [76.180214361, 32.223250344], [76.180155469, 32.223430571], [76.180083582, 32.223621779], [76.179949168, 32.223338091], [76.179739908, 32.223012076], [76.17957804, 32.222717926], [76.179542459, 32.222550867], [76.179439831, 32.222753159], [76.179314536, 32.22312208], [76.179254602, 32.22330205], [76.17904814, 32.223841711], [76.178940446, 32.224021399], [76.178590487, 32.224600721], [76.178470654, 32.224942635], [76.178391376, 32.225102008], [76.177934592, 32.224931666], [76.177309594, 32.224757227], [76.177193856, 32.224485919], [76.177279037, 32.224382498], [76.177247982, 32.224134192], [76.177153965, 32.223709579], [76.176958945, 32.223338654], [76.176758308, 32.223080435], [76.176563023, 32.222822265], [76.176378169, 32.222618331], [76.176315077, 32.222432995], [76.176039421, 32.22244528], [76.175506018, 32.22251294], [76.175479889, 32.222483929], [76.175417905, 32.222298687], [76.175141968, 32.222310345], [76.174249814, 32.222421762], [76.173441761, 32.222619418], [76.173426177, 32.222622755], [76.173053765, 32.222702501], [76.172846156, 32.222777823], [76.172589169, 32.223037635], [76.172146877, 32.223264671], [76.171058253, 32.223397387], [76.17043143, 32.223496978], [76.170186733, 32.223576537], [76.170105663, 32.223733803], [76.170259569, 32.224316375], [76.170297687, 32.224785566], [76.170153449, 32.225487975], [76.170125635, 32.225627625], [76.16997032, 32.225788909], [76.169744827, 32.226084949], [76.169690357, 32.226135913], [76.16938104, 32.226425314], [76.169379522, 32.226596616], [76.169383254, 32.226767948], [76.16961266, 32.22720678], [76.169639029, 32.227229512], [76.170480437, 32.228033078], [76.170963861, 32.228536769], [76.171310659, 32.228908755], [76.171946207, 32.230188876], [76.17273512, 32.230946966], [76.172851362, 32.230992893], [76.172967492, 32.231065766], [76.1729607, 32.231228022], [76.172530232, 32.231315401], [76.171988028, 32.23143361], [76.171360092, 32.231650435], [76.171154835, 32.232050359], [76.170996779, 32.232518194], [76.170939971, 32.232928101], [76.17101152, 32.233226173], [76.171081221, 32.233736139], [76.171093154, 32.234173577], [76.17102796, 32.234339945], [76.170733375, 32.234649131], [76.17035941, 32.234935271], [76.170052337, 32.235447271], [76.170096253, 32.235875888], [76.170225541, 32.236237381], [76.170315078, 32.236314645], [76.170413373, 32.236590302], [76.170438746, 32.236721253], [76.170223865, 32.236762416], [76.169970735, 32.236486025], [76.169675781, 32.235884414], [76.169385393, 32.235499504], [76.169089521, 32.235200227], [76.168724583, 32.234914177], [76.168269377, 32.234677259], [76.167437972, 32.234357357], [76.166818311, 32.234169352], [76.166569358, 32.234091441], [76.166304254, 32.234094598], [76.166239649, 32.234127928], [76.165847853, 32.234008353], [76.165599297, 32.233930046], [76.165334006, 32.23393283], [76.165003514, 32.234101979], [76.164528363, 32.234423454], [76.164198013, 32.234588053], [76.164082984, 32.234598245], [76.163652663, 32.234636371], [76.163407667, 32.234563344], [76.162788203, 32.2343076], [76.162579731, 32.234186156], [76.162296101, 32.234020927], [76.16138676, 32.2332583], [76.160905373, 32.232913017], [76.160286277, 32.232571585], [76.159529097, 32.232251953], [76.158846671, 32.231824439], [76.157784027, 32.230925668], [76.157123439, 32.230313217], [76.156303203, 32.229844416], [76.155303162, 32.22926641], [76.154609896, 32.228915435], [76.153688846, 32.228468667], [76.153006004, 32.228172014], [76.152466389, 32.227830819], [76.151958869, 32.227422191], [76.151436345, 32.226760749], [76.151183447, 32.226312792], [76.150877475, 32.225850947], [76.150676692, 32.225660421], [76.150375, 32.225523572], [76.149812195, 32.22554129], [76.14974664, 32.225478719], [76.1494456, 32.225341446], [76.14934465, 32.225344444], [76.149283629, 32.225301548], [76.148749669, 32.224883732], [76.148189309, 32.224438688], [76.147728837, 32.224224265], [76.14706109, 32.224139742], [76.147020289, 32.224139245], [76.146805375, 32.224038654], [76.14613779, 32.22395303], [76.145717848, 32.223947229], [76.145381821, 32.223779299], [76.144841563, 32.223650183], [76.144654638, 32.223687909], [76.144459648, 32.223589983], [76.143919871, 32.223460074], [76.143526535, 32.223538593], [76.143355111, 32.223726792], [76.14324913, 32.224280675], [76.143345766, 32.224718644], [76.143320252, 32.225178352], [76.143242378, 32.225561095], [76.142986304, 32.225717187], [76.142225602, 32.225941922], [76.141486355, 32.226148853], [76.141033887, 32.226317122], [76.14035874, 32.226465818], [76.139480735, 32.226757456], [76.139022679, 32.226952718], [76.138708046, 32.227130927], [76.138513019, 32.227562464], [76.138260506, 32.227903353], [76.137742339, 32.228278561], [76.137346692, 32.228614017], [76.137145238, 32.2291582], [76.136972163, 32.229513226], [76.136842202, 32.229605192], [76.136602999, 32.229456612], [76.136348728, 32.229401121], [76.136072658, 32.229489991], [76.136061287, 32.229508214], [76.135643108, 32.229247179], [76.135389035, 32.229191365], [76.135112319, 32.229279594], [76.134950792, 32.229535472], [76.134740744, 32.229867692], [76.134511477, 32.22999235], [76.134285286, 32.229977088], [76.13399821, 32.229894553], [76.133533767, 32.229824744], [76.133034283, 32.22968022], [76.13231922, 32.229571585], [76.131306011, 32.229564598], [76.13055647, 32.229730818], [76.129884846, 32.230064364], [76.129473826, 32.230324178], [76.129066772, 32.230081242], [76.128521359, 32.229884389], [76.128144684, 32.229885496], [76.128099093, 32.229858148], [76.12776419, 32.229736611], [76.127554531, 32.229660524], [76.127278753, 32.229663183], [76.12700291, 32.22966129], [76.126678236, 32.22977169], [76.126527832, 32.229964547], [76.126402224, 32.230337878], [76.126434467, 32.230847633], [76.126426189, 32.231163164], [76.126248762, 32.231409921], [76.12599828, 32.231534435], [76.125884, 32.23154537], [76.125795386, 32.231508315], [76.125478056, 32.231305832], [76.125160727, 32.231103347], [76.124944026, 32.230912735], [76.124445557, 32.230937169], [76.124411105, 32.231017687], [76.124184945, 32.2308727], [76.123969307, 32.230681755], [76.123470388, 32.23070541], [76.123421551, 32.230817793], [76.123318396, 32.231069563], [76.123304559, 32.231407632], [76.12338525, 32.231836493], [76.123577222, 32.232288714], [76.123700311, 32.232731401], [76.123798038, 32.23304768], [76.123809223, 32.233539278], [76.12369162, 32.234187636], [76.12364008, 32.234588639], [76.123711592, 32.234877628], [76.12392651, 32.235140657], [76.124310883, 32.235449889], [76.1248517, 32.236035255], [76.125191604, 32.236547096], [76.125394307, 32.236985904], [76.125579128, 32.237636409], [76.125792438, 32.23807519], [76.125923093, 32.23827452], [76.125921515, 32.238445816], [76.126067469, 32.238721884], [76.126109395, 32.23932635], [76.126108913, 32.239930553], [76.126051756, 32.240362917], [76.126040153, 32.24046661], [76.125672543, 32.240621885], [76.125310288, 32.240777102], [76.124756513, 32.240985194], [76.124197525, 32.241188791], [76.123581104, 32.241283713], [76.123423329, 32.242242917], [76.123425147, 32.2431627], [76.123746405, 32.243963047], [76.124067669, 32.2447633], [76.124444916, 32.245816483], [76.125201112, 32.247192318], [76.125524741, 32.247744637], [76.125418888, 32.248271441], [76.125307786, 32.248798212], [76.124879743, 32.249164908], [76.123355741, 32.24983516], [76.122686719, 32.250993858], [76.122977621, 32.252745239], [76.123280972, 32.253761806], [76.123689051, 32.254918826], [76.123988097, 32.255827138], [76.123994931, 32.255937559], [76.12399731, 32.25597601], [76.123989267, 32.255985065], [76.123873898, 32.256114954], [76.123750486, 32.256253898], [76.123434871, 32.256522166], [76.122810778, 32.256851495], [76.121697779, 32.257272159], [76.119690974, 32.257920966], [76.118067283, 32.258459737], [76.11671052, 32.258824411], [76.116119831, 32.258991637], [76.115042723, 32.25952971], [76.114504304, 32.259782907], [76.114004018, 32.259937224], [76.113573378, 32.26001534], [76.112708433, 32.260013815], [76.111700876, 32.25994358], [76.110443126, 32.259943754], [76.109769343, 32.259934499], [76.109063024, 32.25998365], [76.108260058, 32.260158339], [76.108119847, 32.260186048], [76.107951674, 32.260219282], [76.107785155, 32.260201895], [76.107766106, 32.260199906], [76.107575642, 32.260139996], [76.107301022, 32.260002735], [76.106951899, 32.259896587], [76.105964192, 32.259957232], [76.105162001, 32.260055274], [76.104213258, 32.260472397], [76.102896213, 32.261112261], [76.102283267, 32.261382964], [76.101670318, 32.261653665], [76.101061424, 32.262059642], [76.100681667, 32.262354485], [76.099650991, 32.263555528], [76.097825786, 32.26566611], [76.096335059, 32.267219964], [76.095692267, 32.267819559], [76.094582161, 32.26897936], [76.093222743, 32.270128361], [76.092984843, 32.270242612], [76.092903572, 32.270281642], [76.09263082, 32.270412628], [76.092220856, 32.270544973], [76.09218337, 32.270545014], [76.091674193, 32.270545561], [76.090060768, 32.270547486], [76.08851843, 32.270337971], [76.087018275, 32.270155835], [76.085872615, 32.270079912], [76.084360383, 32.270050944], [76.083414989, 32.270125198], [76.08230772, 32.270450872], [76.081156369, 32.270424393], [76.080281192, 32.270372938], [76.080090987, 32.270354012], [76.07925888, 32.270023589], [76.077797765, 32.269356634], [76.076579216, 32.269013547], [76.076574524, 32.269011393], [76.075868389, 32.268811308], [76.074878882, 32.26852363], [76.074848428, 32.26852204], [76.073658798, 32.268173984], [76.072884357, 32.268132249], [76.071207829, 32.268079332], [76.070200787, 32.267959247], [76.069642427, 32.267875387], [76.068825973, 32.267528378], [76.067004904, 32.266732983], [76.066502637, 32.266369119], [76.065598983, 32.265642], [76.064773387, 32.265217672], [76.064211431, 32.265160374], [76.06417247, 32.265166195], [76.063566847, 32.264853372], [76.063004893, 32.264795059], [76.061431649, 32.265026876], [76.059144833, 32.26549679], [76.057618037, 32.265859668], [76.057176816, 32.265928557], [76.056709597, 32.265947577], [76.055961259, 32.265946528], [76.054718912, 32.266000356], [76.053268246, 32.266178846], [76.053198887, 32.266176791], [76.052894509, 32.265957298], [76.052165582, 32.265316842], [76.051398728, 32.264838611], [76.050805366, 32.264699843], [76.050558812, 32.264684541], [76.050186901, 32.264451418], [76.049593999, 32.264311759], [76.048469693, 32.264240178], [76.047738103, 32.264167029], [76.046560881, 32.264072509], [76.045632835, 32.264011324], [76.045223534, 32.264080396], [76.04510502, 32.264246343], [76.045059205, 32.26456614], [76.044818998, 32.26571397], [76.044762439, 32.266556667], [76.044565751, 32.267596746], [76.044395918, 32.268109389], [76.044254299, 32.268455572], [76.044067533, 32.268553343], [76.043329008, 32.268624386], [76.042410041, 32.268712057], [76.041245858, 32.268892635], [76.040161008, 32.269100772], [76.039262522, 32.269242804], [76.038392943, 32.269168504], [76.03738681, 32.268953478], [76.036591445, 32.268893322], [76.035347231, 32.268604318], [76.034611201, 32.268454357], [76.033938436, 32.268332033], [76.033269079, 32.26839458], [76.031791958, 32.268554589], [76.031408224, 32.268704893], [76.031328088, 32.268762872], [76.031242485, 32.268820904], [76.031181904, 32.268878489], [76.031011932, 32.269040051], [76.03097326, 32.269188509], [76.030895421, 32.269354669], [76.030804913, 32.269547876], [76.030713447, 32.26965993], [76.029946759, 32.270388941], [76.028866043, 32.271201276], [76.02833213, 32.271508279], [76.028056214, 32.271993055], [76.028049308, 32.272146276], [76.028126069, 32.272412923], [76.028647005, 32.272836221], [76.029136425, 32.273227721], [76.029584683, 32.273497164], [76.030256517, 32.273709693], [76.030698381, 32.27383052], [76.030748682, 32.273844275], [76.031097776, 32.27395067], [76.031240052, 32.27404686], [76.031435017, 32.27417867], [76.031585429, 32.274508977], [76.031609348, 32.27475706], [76.031602442, 32.274910372], [76.031472639, 32.275134748], [76.031183185, 32.275407556], [76.030868499, 32.275549404], [76.030634378, 32.275610797], [76.030337201, 32.275599496], [76.029912592, 32.27560526], [76.029773963, 32.275662749], [76.029570425, 32.275832562], [76.029451836, 32.276002952], [76.02929495, 32.276281296], [76.029123081, 32.276478357], [76.028727881, 32.276705296], [76.028286564, 32.276778564], [76.02748369, 32.276907619], [76.027077757, 32.277147952], [76.026831368, 32.277362431], [76.026728671, 32.277528466], [76.02671007, 32.277785361], [76.026777356, 32.277943634], [76.026891715, 32.278165482], [76.027043314, 32.278392044], [76.027128682, 32.278848142], [76.027103408, 32.279222121], [76.026983514, 32.279518824], [76.026671145, 32.279935716], [76.026242734, 32.280297576], [76.025440822, 32.280832449], [76.024963301, 32.281311193], [76.024285017, 32.281698189], [76.02324539, 32.282127492], [76.021807766, 32.283040705], [76.021192584, 32.28348227], [76.020681248, 32.283849815], [76.020571995, 32.283928344], [76.019302353, 32.284522597], [76.018953048, 32.284921196], [76.018665449, 32.285500601], [76.018510668, 32.286071996], [76.01850495, 32.287090909], [76.01830586, 32.287837739], [76.018137918, 32.288147567], [76.017912123, 32.288411859], [76.017625928, 32.288864945], [76.017196254, 32.289330514], [76.016940196, 32.289937246], [76.016510026, 32.290443306], [76.016341346, 32.290829757], [76.016259226, 32.291554992], [76.016402073, 32.292092654], [76.01646197, 32.292936263], [76.01674197, 32.294047583], [76.016795049, 32.295517822], [76.017220423, 32.296936829], [76.017589561, 32.297656594], [76.017738209, 32.298149146], [76.018183338, 32.298720724], [76.018270916, 32.29896486], [76.018708895, 32.299703201], [76.019017708, 32.300120312], [76.019157853, 32.300414496], [76.020165235, 32.301526948], [76.020897176, 32.302082639], [76.021969346, 32.303100872], [76.023107675, 32.303889757], [76.023538168, 32.304348455], [76.023177272, 32.304823589], [76.022506232, 32.305517201], [76.022150515, 32.306010386], [76.022079773, 32.306668145], [76.022003661, 32.306829795], [76.021951063, 32.307280275], [76.021955133, 32.309372325], [76.021877812, 32.310147245], [76.021917168, 32.310562793], [76.021968406, 32.311103775], [76.022109721, 32.311785633], [76.02284388, 32.313630837], [76.023096047, 32.314376695], [76.023406937, 32.315100475], [76.023476435, 32.31554741], [76.023649204, 32.315783197], [76.024586635, 32.316502783], [76.025331688, 32.317338171], [76.025509013, 32.317637049], [76.025724916, 32.318310484], [76.025615436, 32.318611774], [76.024865177, 32.319255233], [76.024273201, 32.319574535], [76.024212285, 32.31960739], [76.023914456, 32.319768033], [76.023802214, 32.319828572], [76.023407412, 32.319977056], [76.022474694, 32.320327845], [76.021767219, 32.32043503], [76.021592611, 32.320421583], [76.019934757, 32.319412404], [76.01848976, 32.318631997], [76.018404881, 32.318645005], [76.018244257, 32.318846227], [76.016949043, 32.318143342], [76.016864042, 32.318156228], [76.016589454, 32.318496691], [76.016114226, 32.319232456], [76.015269575, 32.32122769], [76.015186881, 32.321515598], [76.015069896, 32.322511077], [76.014838246, 32.323302831], [76.014604871, 32.323769881], [76.014592887, 32.323891466], [76.014808582, 32.324087057], [76.0153426, 32.324303125], [76.016073806, 32.324453116], [76.016259945, 32.324471763], [76.017293881, 32.324575338], [76.017791064, 32.324755017], [76.018066405, 32.324989392], [76.018127862, 32.325041706], [76.018235821, 32.325376147], [76.018242656, 32.32572791], [76.018355459, 32.326093958], [76.019056869, 32.327046263], [76.019671096, 32.327700211], [76.019717672, 32.32781783], [76.019695361, 32.327921327], [76.019587742, 32.328046806], [76.018640139, 32.328751748], [76.018612124, 32.328891331], [76.018699468, 32.329162473], [76.019056278, 32.329566591], [76.020276766, 32.330644558], [76.021252795, 32.331734216], [76.022257237, 32.332666271], [76.022610076, 32.333435435], [76.022700163, 32.333950102], [76.022638909, 32.334215671], [76.02232068, 32.334668579], [76.020580455, 32.336476546], [76.020483228, 32.33662457], [76.020350954, 32.337065458], [76.020253617, 32.338714849], [76.019676625, 32.340013338], [76.018668023, 32.341430249], [76.018437349, 32.341644876], [76.017876214, 32.341960606], [76.017548966, 32.342264655], [76.016294573, 32.343823814], [76.01517366, 32.345803455], [76.014061495, 32.347458376], [76.013497736, 32.348504484], [76.013153498, 32.348889566], [76.012811756, 32.349058191], [76.012492421, 32.349114317], [76.011684655, 32.349153063], [76.009646676, 32.34947531], [76.009400563, 32.349631119], [76.009185069, 32.349913532], [76.008686312, 32.350838316], [76.008308659, 32.351362922], [76.007133609, 32.352440256], [76.006794525, 32.352843375], [76.006276244, 32.353610226], [76.005818454, 32.354183678], [76.005077967, 32.355336611], [76.004798328, 32.355654512], [76.004518625, 32.355967861], [76.003517844, 32.356640809], [76.002865993, 32.357469772], [76.002292479, 32.358412012], [76.002134922, 32.358730845], [76.002088692, 32.359077659], [76.002082734, 32.359617759], [76.002080999, 32.359774994], [76.002080984, 32.359776423], [76.001880679, 32.360326264], [76.001746868, 32.360693571], [76.00147634, 32.361620165], [76.001071789, 32.36265847], [76.000732654, 32.363061565], [76.000288308, 32.363369114], [76.000027135, 32.363448185], [75.999598668, 32.363764942], [75.998954536, 32.364841874], [75.998056403, 32.365831135], [75.996099609, 32.368382503], [75.994409185, 32.370865302], [75.992959632, 32.373180183], [75.991717742, 32.375920494], [75.990990085, 32.37780829], [75.989862956, 32.379305117], [75.989042895, 32.380416668], [75.988300873, 32.381199663], [75.986765638, 32.381155824], [75.985487426, 32.380947188], [75.984637285, 32.381413772], [75.983387016, 32.382499231], [75.98217463, 32.383044035], [75.980986791, 32.383304948], [75.980197083, 32.38358714], [75.979315575, 32.384959597], [75.977945875, 32.386251512], [75.976662679, 32.387891226], [75.974839121, 32.389377771], [75.973928203, 32.390037652], [75.972710471, 32.391511009], [75.971211998, 32.392905468], [75.969442162, 32.392444729], [75.967739262, 32.392651723], [75.965517797, 32.39265154], [75.964055394, 32.393194039], [75.963173756, 32.393146216], [75.962759082, 32.39306765], [75.961928766, 32.392910332], [75.961805565, 32.392886989], [75.960525902, 32.392321956], [75.958089027, 32.392116958], [75.956554254, 32.392014159], [75.954695921, 32.391872522], [75.953969109, 32.39222264], [75.952595628, 32.392427679], [75.95123111, 32.393232353], [75.950377728, 32.393955658], [75.948856607, 32.39406024], [75.946815435, 32.39455261], [75.946087836, 32.394965827], [75.945020715, 32.395326615], [75.944078482, 32.395458485], [75.942820158, 32.395353303], [75.942804272, 32.395344179], [75.942438706, 32.395361121], [75.941980091, 32.39538237], [75.941156548, 32.395821795], [75.939941184, 32.396131696], [75.938755229, 32.396649152], [75.937195319, 32.397334901], [75.937989214, 32.397536925], [75.936600092, 32.39803524], [75.936032458, 32.398210732], [75.934810407, 32.398588538], [75.932220528, 32.399087142], [75.931149422, 32.399423413], [75.930690886, 32.40022116], [75.930559329, 32.400881059], [75.930498326, 32.401187054], [75.930281792, 32.402233587], [75.930196703, 32.402325226], [75.92973971, 32.402817402], [75.929011549, 32.403531481], [75.928310825, 32.403986481], [75.927791334, 32.404323797], [75.926080756, 32.405803419], [75.925781924, 32.4060599], [75.925623703, 32.406195696], [75.925494544, 32.406796673], [75.925065192, 32.407402493], [75.924793475, 32.407603858], [75.924436254, 32.407868586], [75.923804685, 32.408411655], [75.922502723, 32.40930422], [75.92158576, 32.410225491], [75.921535009, 32.410309541], [75.921104433, 32.41102263], [75.92049915, 32.412124895], [75.919749848, 32.413454746], [75.919395317, 32.41395972], [75.919117707, 32.41435513], [75.918965701, 32.414571634], [75.918811743, 32.414790918], [75.91875785, 32.414867678], [75.918699672, 32.414950542], [75.918460211, 32.41572731], [75.918240015, 32.41644158], [75.917667701, 32.417863167], [75.917139485, 32.418745062], [75.917076903, 32.418866007], [75.917013385, 32.418988761], [75.916726159, 32.419543842], [75.916687685, 32.420005148], [75.916926737, 32.420319194], [75.918030923, 32.42123232], [75.91849258, 32.421548997], [75.918962817, 32.421871556], [75.91973327, 32.422583861], [75.919944387, 32.423051296], [75.919916369, 32.423387322], [75.919905924, 32.423512599], [75.919492912, 32.424045176], [75.919465433, 32.42408061], [75.919217041, 32.424400905], [75.919117081, 32.424668092], [75.919151284, 32.424996357], [75.919684344, 32.426010984], [75.920447679, 32.42729233], [75.920537639, 32.427443335], [75.920623454, 32.427826506], [75.920633567, 32.427871659], [75.92062988, 32.427934538], [75.920607878, 32.4283098], [75.920570382, 32.428949282], [75.920446862, 32.4293015], [75.920367002, 32.42952922], [75.920347417, 32.429585067], [75.920180988, 32.430087056], [75.91986695, 32.430637879], [75.919259245, 32.431142967], [75.918481187, 32.431316447], [75.917157472, 32.431474565], [75.916819374, 32.431607349], [75.916267702, 32.431824009], [75.915886259, 32.431973813], [75.915585311, 32.432323808], [75.914361143, 32.43304782], [75.914240935, 32.433118914], [75.912758421, 32.433968387], [75.912640148, 32.434028501], [75.911538331, 32.434588512], [75.91047011, 32.435003671], [75.9101755, 32.435118169], [75.908326512, 32.436042127], [75.908049072, 32.436134784], [75.90710941, 32.436448599], [75.906233278, 32.43683146], [75.905546196, 32.437661945], [75.905550661, 32.437704011], [75.905683538, 32.43895572], [75.905702506, 32.439065997], [75.905743444, 32.439304002], [75.905822003, 32.439760722], [75.905929727, 32.44038699], [75.905840242, 32.440610309], [75.905811916, 32.440681], [75.905731038, 32.440882837], [75.90522244, 32.441981967], [75.904823462, 32.442844178], [75.904393474, 32.444123948], [75.903553116, 32.445462787], [75.903167812, 32.446076633], [75.903072088, 32.446229132], [75.902029669, 32.447093978], [75.901809666, 32.447276501], [75.901181327, 32.448378023], [75.901026013, 32.448932702], [75.901371287, 32.449461213], [75.902474804, 32.450505397], [75.902799124, 32.451537878], [75.902795664, 32.451638728], [75.902772058, 32.452326822], [75.902556237, 32.452499469], [75.902304961, 32.452700477], [75.901995256, 32.452900613], [75.901246488, 32.453384473], [75.901045459, 32.453514378], [75.89949571, 32.45423816], [75.899246421, 32.454354584], [75.899162715, 32.454393676], [75.899046272, 32.454448057], [75.89797544, 32.454834905], [75.896863214, 32.455836932], [75.892835066, 32.458713441], [75.892496996, 32.458954846], [75.890416216, 32.460344424], [75.889381171, 32.46103562], [75.888951423, 32.461322598], [75.887914861, 32.461757858], [75.887491856, 32.461935477], [75.887413862, 32.461968227], [75.887251798, 32.462036277], [75.887225948, 32.462047131], [75.886577263, 32.463007533], [75.886261134, 32.463301358], [75.885912547, 32.463625349], [75.885743241, 32.463655256], [75.885529624, 32.463692992], [75.885085212, 32.463809474], [75.884290429, 32.464017787], [75.883906769, 32.463982212], [75.883619577, 32.464100987], [75.882682837, 32.463930936], [75.881184188, 32.463913049], [75.880789051, 32.464172869], [75.880141053, 32.465177486], [75.878740171, 32.466933751], [75.87825388, 32.467673597], [75.877781131, 32.468392831], [75.877135743, 32.46932046], [75.87639623, 32.470342037], [75.875863517, 32.470555989], [75.874898283, 32.470943645], [75.874120228, 32.471232383], [75.873283146, 32.471789332], [75.872898028, 32.472415275], [75.872804224, 32.472902298], [75.872755075, 32.473157476], [75.872731908, 32.47327775], [75.871972887, 32.473558655], [75.871127467, 32.473728963], [75.870662791, 32.473867355], [75.870661204, 32.473867828], [75.870623753, 32.473915902], [75.870613291, 32.473929332], [75.870178301, 32.474487721], [75.870128666, 32.474590641], [75.869719421, 32.475439199], [75.868807781, 32.476138699], [75.867378686, 32.476404063], [75.86639609, 32.477101784], [75.86612331, 32.477617227], [75.865940292, 32.477963054], [75.865795372, 32.479072773], [75.864871534, 32.479965342], [75.864284483, 32.480498059], [75.863594379, 32.481124282], [75.861381811, 32.482483405], [75.860832054, 32.482662375], [75.859407034, 32.483126272], [75.858394632, 32.48340655], [75.857986259, 32.483519604], [75.85766312, 32.483774492], [75.857099908, 32.484198967], [75.856700121, 32.484500271], [75.85592051, 32.485252189], [75.855782222, 32.485385563], [75.855545585, 32.48561379], [75.854821912, 32.486316999], [75.853433284, 32.487520673], [75.852677451, 32.488607061], [75.852310422, 32.489134596], [75.851819449, 32.489908392], [75.851395053, 32.490577248], [75.850782885, 32.491690751], [75.849539614, 32.49320629], [75.84938867, 32.493390286], [75.848544672, 32.494765996], [75.848260222, 32.495229638], [75.847907907, 32.49579828], [75.847696003, 32.49614029], [75.847592003, 32.496261543], [75.847346314, 32.496547989], [75.846878167, 32.497093791], [75.846826244, 32.497154325], [75.846294069, 32.497744424], [75.845008988, 32.498759376], [75.844153761, 32.499664712], [75.84429938, 32.499969235], [75.844359444, 32.500283653], [75.844358562, 32.5007169], [75.844305946, 32.501004431], [75.844275429, 32.501473041], [75.844262593, 32.501841729], [75.844260776, 32.501893907], [75.844243193, 32.502398945], [75.844134652, 32.502661005], [75.843654194, 32.503407207], [75.843319079, 32.504071119], [75.843120271, 32.504464982], [75.842729917, 32.505478202], [75.842527383, 32.506399837], [75.842114501, 32.507243997], [75.841359782, 32.508115707], [75.840122929, 32.509372502], [75.839936656, 32.509523269], [75.839026763, 32.510259722], [75.838499182, 32.510593853], [75.83796651, 32.510931205], [75.83685829, 32.511348745], [75.835785577, 32.511562574], [75.834580183, 32.511508304], [75.834170742, 32.51143787], [75.832821787, 32.510932606], [75.8323185, 32.510744091], [75.832248176, 32.51071775], [75.832207941, 32.51070268], [75.832196275, 32.510721558], [75.832178374, 32.510750525], [75.832141852, 32.510809627], [75.832066525, 32.510931524], [75.831936968, 32.511141177], [75.831454716, 32.511651519], [75.831081553, 32.512046414], [75.830924881, 32.512237559], [75.830578495, 32.512660157], [75.830443613, 32.512824716], [75.830329572, 32.513243076], [75.830412106, 32.513726538], [75.830823142, 32.514158066], [75.831027138, 32.5142226], [75.831135888, 32.514280123], [75.831290982, 32.514306064], [75.831525566, 32.514380273], [75.832902124, 32.514414785], [75.83324772, 32.514355663], [75.833366496, 32.514335344], [75.833945227, 32.514236338], [75.835004195, 32.514010142], [75.835975497, 32.513853952], [75.837042307, 32.513504955], [75.837239847, 32.51344033], [75.838234909, 32.513417105], [75.838236355, 32.513417793], [75.838821717, 32.513696561], [75.838766147, 32.514068249], [75.838571089, 32.514214343], [75.838515007, 32.514447727], [75.838479398, 32.514595915], [75.838416435, 32.514715172], [75.838316768, 32.514903945], [75.838198061, 32.515128783], [75.838118956, 32.515278611], [75.838009092, 32.5154867], [75.837332793, 32.516767611], [75.83668919, 32.518472188], [75.836838414, 32.519151363], [75.837029491, 32.520215522], [75.837204761, 32.521090261], [75.837233602, 32.521182017], [75.838259676, 32.522315319], [75.838577202, 32.522479321], [75.83892314, 32.522583097], [75.839487158, 32.522700482], [75.840024636, 32.522723234], [75.840486956, 32.522739104], [75.840518241, 32.522740178], [75.840684558, 32.522745886], [75.841402951, 32.52282732], [75.842009582, 32.522958209], [75.842216986, 32.523022566], [75.842387488, 32.523075473], [75.842983349, 32.523386753], [75.843877274, 32.523986676], [75.843933953, 32.524025453], [75.84405556, 32.524108649], [75.844951888, 32.52472186], [75.845548399, 32.525175816], [75.84738375, 32.526100271], [75.848601445, 32.526308956], [75.850749516, 32.526677061], [75.851088468, 32.526769985], [75.851210038, 32.526756574], [75.851477758, 32.526740219], [75.851651775, 32.526729589], [75.852008373, 32.526729699], [75.852306448, 32.52680183], [75.852662917, 32.526946179], [75.853083361, 32.527189772], [75.853732609, 32.527633878], [75.853828316, 32.527699344], [75.853928309, 32.527782572], [75.854418926, 32.528190927], [75.854642391, 32.528502063], [75.854913758, 32.528934923], [75.855067663, 32.52922583], [75.855643195, 32.530040311], [75.855646461, 32.530878938], [75.854983023, 32.53403237], [75.854898487, 32.536900148], [75.856964442, 32.538440789], [75.860847482, 32.540440566], [75.861728231, 32.541002723], [75.865207535, 32.543223356], [75.868292201, 32.545166597], [75.869855187, 32.546539136], [75.869855215, 32.546539156], [75.869868191, 32.546547401], [75.871177735, 32.547363537], [75.871784602, 32.54782795], [75.872205127, 32.548152572], [75.872588351, 32.548639549], [75.873094443, 32.549373281], [75.873207418, 32.54947137], [75.873263798, 32.549632498], [75.873509321, 32.550028188], [75.873684967, 32.550546732], [75.873721556, 32.550980955], [75.874075143, 32.552056772], [75.873333142, 32.554128453], [75.872251642, 32.555309379], [75.871890759, 32.555767761], [75.871454251, 32.556371919], [75.871054898, 32.557007661], [75.87065564, 32.557521623], [75.87011253, 32.5580852], [75.869313985, 32.558747964], [75.868238437, 32.559505368], [75.867756925, 32.559877491], [75.866137438, 32.562459126], [75.866451936, 32.563606567], [75.866709582, 32.563960566], [75.869735574, 32.5661006], [75.871900074, 32.566492475], [75.872051625, 32.566598813], [75.872697128, 32.567051735], [75.873083149, 32.567116199], [75.874861541, 32.567395738], [75.875475009, 32.567527114], [75.87580847, 32.567655757], [75.876192193, 32.567725234], [75.87628845, 32.567756453], [75.876757003, 32.568013428], [75.877103035, 32.568279465], [75.877433196, 32.568622107], [75.877710148, 32.569145079], [75.877981735, 32.569893421], [75.878258614, 32.57071416], [75.878317334, 32.57096737], [75.87862432, 32.571696378], [75.879095788, 32.573907715], [75.87930257, 32.57461862], [75.879574111, 32.575664637], [75.879685997, 32.576147083], [75.879824535, 32.576958594], [75.87988838, 32.577386983], [75.879931036, 32.57799106], [75.879952479, 32.578888363], [75.879888541, 32.579857707], [75.879840672, 32.580497959], [75.879649078, 32.581552988], [75.879569235, 32.581963259], [75.879393498, 32.582635076], [75.879185795, 32.583306845], [75.878919584, 32.584010234], [75.87869599, 32.584790269], [75.878498927, 32.585232119], [75.878317799, 32.585592854], [75.878227339, 32.585876911], [75.878217758, 32.585984803], [75.878949586, 32.586975251], [75.880048326, 32.58782719], [75.880288485, 32.587923767], [75.881071426, 32.588207749], [75.881785117, 32.588568434], [75.882509392, 32.589073368], [75.882994349, 32.589476964], [75.884042419, 32.58981824], [75.884491406, 32.589835227], [75.886247597, 32.58990166], [75.888657134, 32.589195383], [75.88901144, 32.58913608], [75.889191719, 32.589374521], [75.889523437, 32.589253028], [75.890018648, 32.589108711], [75.890359494, 32.589031966], [75.890897415, 32.588950758], [75.89174954, 32.588932626], [75.892276739, 32.588941601], [75.892728982, 32.588957071], [75.894148534, 32.589287615], [75.894316579, 32.589326743], [75.894390384, 32.589400258], [75.895243226, 32.589797468], [75.895548021, 32.589868021], [75.896909148, 32.59018308], [75.897690797, 32.590659418], [75.898841064, 32.591814478], [75.898896535, 32.591910063], [75.899142474, 32.592109997], [75.899472853, 32.592457087], [75.899883035, 32.592984555], [75.900186817, 32.593516481], [75.900447955, 32.59400334], [75.900762317, 32.594463207], [75.901140627, 32.594977097], [75.901465645, 32.595500029], [75.901891876, 32.596095118], [75.902238223, 32.596672107], [75.902691263, 32.597357387], [75.903106893, 32.598020021], [75.903336059, 32.598376216], [75.903623665, 32.598768342], [75.904076707, 32.599313799], [75.904598883, 32.599877248], [75.905025179, 32.60036859], [75.905243633, 32.600823903], [75.905313009, 32.601216154], [75.905329339, 32.602140456], [75.905382898, 32.602983574], [75.905372579, 32.603822192], [75.905372809, 32.604660824], [75.905383726, 32.605301018], [75.905384021, 32.606103567], [75.905403839, 32.606426266], [75.905910483, 32.607585533], [75.907227013, 32.608920351], [75.910063411, 32.610628874], [75.91282423, 32.612094147], [75.915782843, 32.613684924], [75.91578452, 32.614047782], [75.915838324, 32.614079238], [75.916195697, 32.614288178], [75.916355607, 32.61442791], [75.91641435, 32.614743469], [75.916436048, 32.61555506], [75.916495105, 32.616560408], [75.916569978, 32.617182633], [75.916799342, 32.617840805], [75.917284621, 32.618728841], [75.9176739, 32.619535762], [75.918148505, 32.620378681], [75.91840445, 32.62092417], [75.918532547, 32.621402038], [75.918575361, 32.62172213], [75.918532943, 32.62215046], [75.918261515, 32.622678066], [75.917979787, 32.623306445], [75.917729972, 32.624571282], [75.917720209, 32.624580246], [75.915788197, 32.626354094], [75.915776027, 32.626412976], [75.915767003, 32.626421261], [75.915513845, 32.62764613], [75.915501242, 32.627707107], [75.915540032, 32.627766409], [75.915556128, 32.627791017], [75.9160486, 32.628543916], [75.916113674, 32.628643437], [75.916160985, 32.628616224], [75.917399812, 32.629290619], [75.917550741, 32.629319592], [75.917977046, 32.629342003], [75.918467191, 32.62940499], [75.918792262, 32.629472429], [75.918983981, 32.629571605], [75.919128068, 32.629693228], [75.9191761, 32.629887086], [75.919085652, 32.630153128], [75.918876954, 32.630645286], [75.918887897, 32.630663057], [75.918574835, 32.63208426], [75.918627506, 32.633107602], [75.92057354, 32.634480689], [75.922154452, 32.635969762], [75.922514977, 32.636220548], [75.922589407, 32.63626727], [75.924196921, 32.636749853], [75.924908638, 32.636276396], [75.925115091, 32.635989617], [75.925391854, 32.635317721], [75.925599317, 32.634717958], [75.925918378, 32.633671854], [75.926125802, 32.63305856], [75.926349354, 32.632562502], [75.926663428, 32.632088958], [75.926961567, 32.631683094], [75.927067437, 32.631583293], [75.92708162, 32.631550691], [75.927113392, 32.631539972], [75.92733963, 32.631326703], [75.927728509, 32.631078565], [75.92820259, 32.630916031], [75.928671434, 32.630834718], [75.929278827, 32.630843484], [75.929785111, 32.630888356], [75.930190045, 32.630987288], [75.930440557, 32.631131472], [75.93070716, 32.631388381], [75.930872534, 32.631762495], [75.930995378, 32.632208816], [75.930995609, 32.63256052], [75.930866845, 32.632901749], [75.930946902, 32.633138007], [75.930919967, 32.633187864], [75.929821922, 32.635220314], [75.929813492, 32.635264091], [75.929811501, 32.635274424], [75.92979876, 32.635298281], [75.928999122, 32.636795529], [75.928997918, 32.636799974], [75.928983879, 32.636851802], [75.928905829, 32.636997945], [75.928838, 32.637124949], [75.928813413, 32.637170986], [75.928845287, 32.63736344], [75.928999991, 32.638297544], [75.929135582, 32.638513015], [75.929370137, 32.638885747], [75.929934218, 32.63978212], [75.930815767, 32.640209452], [75.931707504, 32.640641715], [75.931833147, 32.640761634], [75.93235705, 32.641261672], [75.933118304, 32.641988235], [75.933811473, 32.642649805], [75.93398375, 32.643716246], [75.934152152, 32.644758668], [75.933907765, 32.645694009], [75.933749281, 32.646300564], [75.933166725, 32.64707923], [75.933229541, 32.647105576], [75.933108692, 32.647156798], [75.932998019, 32.647203705], [75.932779407, 32.647158695], [75.932587531, 32.647131706], [75.931590786, 32.646776037], [75.930869193, 32.646597044], [75.930647338, 32.646542011], [75.929480117, 32.646154754], [75.928035509, 32.645573794], [75.927513129, 32.645330497], [75.927049389, 32.645087215], [75.92669219, 32.644898079], [75.926324305, 32.644582554], [75.925615269, 32.644082372], [75.925151941, 32.643761971], [75.924967475, 32.643654228], [75.923409914, 32.642744471], [75.921256618, 32.642661519], [75.92030687, 32.642887962], [75.919966193, 32.643363208], [75.919662682, 32.64388636], [75.919369753, 32.644256177], [75.919288122, 32.644315625], [75.919103489, 32.644450081], [75.918799719, 32.644562895], [75.918472818, 32.644592367], [75.918447993, 32.644594605], [75.918096277, 32.64455415], [75.917744585, 32.644432511], [75.917147488, 32.644031497], [75.916587802, 32.643607838], [75.916102747, 32.643351049], [75.915867096, 32.643312111], [75.915028743, 32.643596156], [75.914779217, 32.643796166], [75.914061295, 32.644705371], [75.914170411, 32.647549883], [75.91434747, 32.647961739], [75.914660887, 32.64853648], [75.915098193, 32.649253211], [75.915220967, 32.649645424], [75.915306447, 32.650217957], [75.915325025, 32.650396769], [75.915534522, 32.650971932], [75.915537081, 32.651526488], [75.915330019, 32.652125197], [75.915312758, 32.652291971], [75.91516375, 32.652778896], [75.914993317, 32.6530991], [75.914705696, 32.653356203], [75.914401969, 32.653550189], [75.913661333, 32.653906566], [75.913091346, 32.654189246], [75.910889705, 32.656163138], [75.909576598, 32.65688428], [75.908009051, 32.657749015], [75.906255125, 32.658142129], [75.906154804, 32.658068635], [75.905918919, 32.658110809], [75.905492537, 32.658146991], [75.905108841, 32.658133522], [75.905081977, 32.658129904], [75.904607838, 32.658066053], [75.904069425, 32.65795799], [75.903557784, 32.657786769], [75.903157926, 32.657597512], [75.902843405, 32.657421713], [75.902246319, 32.657002589], [75.901665282, 32.656524804], [75.901180175, 32.656042449], [75.900998739, 32.655849633], [75.900806934, 32.655645795], [75.90040711, 32.655298672], [75.90003393, 32.654960648], [75.89970347, 32.654703681], [75.899442211, 32.654478329], [75.89926633, 32.654388122], [75.899182497, 32.654376289], [75.899106373, 32.654365545], [75.898909214, 32.654397265], [75.898648071, 32.654460384], [75.89826967, 32.654505579], [75.898051119, 32.654455997], [75.897838002, 32.654320772], [75.897677967, 32.654108945], [75.897571294, 32.653784342], [75.89737402, 32.653238845], [75.897309902, 32.652851065], [75.897224622, 32.652607672], [75.897027371, 32.652341627], [75.896622267, 32.651954027], [75.896201032, 32.651584402], [75.895731947, 32.651174164], [75.895390855, 32.650799996], [75.894969681, 32.650403304], [75.894719199, 32.650101282], [75.894700871, 32.650072056], [75.894469738, 32.649859723], [75.893113906, 32.648614152], [75.892058102, 32.648617429], [75.891605783, 32.648618829], [75.889610023, 32.64924277], [75.886774412, 32.650401213], [75.886036877, 32.65115647], [75.885833467, 32.652176041], [75.886200138, 32.653157762], [75.888350827, 32.655067246], [75.888527956, 32.655239869], [75.888532547, 32.655241948], [75.889028294, 32.655395212], [75.889481324, 32.655638621], [75.889785101, 32.655895624], [75.89005173, 32.656202142], [75.890392918, 32.656747621], [75.890680397, 32.657337482], [75.8921832, 32.658801935], [75.893081116, 32.66178834], [75.892948241, 32.663096252], [75.892565206, 32.663717438], [75.892600858, 32.663744765], [75.892744847, 32.66392956], [75.892835438, 32.664127906], [75.892926164, 32.664339872], [75.892947455, 32.664529148], [75.892936883, 32.664763664], [75.892947616, 32.66503871], [75.892968946, 32.665349761], [75.892969087, 32.665728527], [75.89294775, 32.665931367], [75.892985201, 32.666147771], [75.89307053, 32.666395766], [75.8932091, 32.666657183], [75.893363726, 32.666860124], [75.893587648, 32.66701783], [75.893966183, 32.667216199], [75.894403268, 32.667414509], [75.895112349, 32.667757009], [75.895453457, 32.667955369], [75.895762759, 32.668140155], [75.896135945, 32.668410628], [75.896503828, 32.668694577], [75.896738399, 32.668924455], [75.897058243, 32.669267109], [75.897378223, 32.669623201], [75.89753817, 32.669780996], [75.89759155, 32.669925211], [75.897591516, 32.670060517], [75.897554274, 32.67021828], [75.89741577, 32.670434767], [75.89723983, 32.670651162], [75.897032078, 32.670885734], [75.89688811, 32.671142671], [75.896818931, 32.671413236], [75.896818968, 32.671683758], [75.896867047, 32.671927235], [75.896925755, 32.672103074], [75.897021761, 32.672265296], [75.897192339, 32.672387024], [75.897421611, 32.672459171], [75.897832066, 32.672540215], [75.898178626, 32.672598713], [75.898434473, 32.672661827], [75.89857841, 32.672742972], [75.898674363, 32.672878222], [75.898786387, 32.673031488], [75.898834406, 32.673193782], [75.898855813, 32.673446289], [75.898834586, 32.673712272], [75.898722662, 32.674091028], [75.898689954, 32.674199952], [75.898759843, 32.674268193], [75.898913053, 32.675146943], [75.898628254, 32.675846619], [75.897226023, 32.67747169], [75.897220335, 32.677716246], [75.897177747, 32.678054364], [75.897134767, 32.678200025], [75.896950905, 32.679891632], [75.897581599, 32.682644379], [75.897562574, 32.682784054], [75.897648169, 32.682986767], [75.897749599, 32.683252684], [75.897760229, 32.683419575], [75.897749697, 32.68366753], [75.897685734, 32.683969629], [75.897504579, 32.684370888], [75.897318132, 32.684691092], [75.897293767, 32.684757493], [75.897190091, 32.685518603], [75.897222358, 32.685705486], [75.897318435, 32.685926429], [75.897505095, 32.686192367], [75.897782422, 32.686575552], [75.898038448, 32.686855065], [75.898161125, 32.687026385], [75.898187743, 32.687170612], [75.898177162, 32.687328453], [75.898123939, 32.687531342], [75.898054684, 32.687752295], [75.898028029, 32.687892031], [75.898039521, 32.687976239], [75.8982105, 32.688214616], [75.898332041, 32.688329326], [75.898513313, 32.688482546], [75.898721403, 32.688789102], [75.899025407, 32.689086669], [75.899185357, 32.689293983], [75.899356074, 32.689564453], [75.899420152, 32.689848496], [75.899452211, 32.690141518], [75.89944161, 32.690371523], [75.899377685, 32.69062401], [75.899308439, 32.690898995], [75.899255226, 32.691156007], [75.899233906, 32.691295795], [75.899265884, 32.691367909], [75.899319271, 32.69145809], [75.899431293, 32.691597824], [75.899612595, 32.691827716], [75.89990058, 32.692143257], [75.900247272, 32.692558051], [75.900369908, 32.692787912], [75.900412711, 32.692981812], [75.900444801, 32.693171189], [75.900455524, 32.693527326], [75.90038637, 32.693960169], [75.900290534, 32.694370471], [75.900141348, 32.694726672], [75.899928168, 32.695105433], [75.899672179, 32.695470699], [75.8994964, 32.695664635], [75.899304548, 32.695926157], [75.899091245, 32.696133622], [75.898739439, 32.696359126], [75.898366343, 32.696534824], [75.897375707, 32.697536845], [75.897413111, 32.697621135], [75.897556058, 32.697702882], [75.897838671, 32.697810998], [75.898089416, 32.698049956], [75.898313422, 32.698356487], [75.898468051, 32.69859541], [75.898654848, 32.698861345], [75.898782816, 32.699154402], [75.898798896, 32.699406856], [75.898798981, 32.699713457], [75.898799107, 32.699938874], [75.898900407, 32.700231941], [75.898980542, 32.700488898], [75.899161896, 32.700966759], [75.899284668, 32.701304953], [75.899338086, 32.701588981], [75.899357427, 32.701762666], [75.899791626, 32.702629928], [75.899828997, 32.702657437], [75.900063635, 32.702756511], [75.900356926, 32.702810602], [75.900676917, 32.702878122], [75.900932878, 32.702986332], [75.901087516, 32.703107988], [75.901140801, 32.703261311], [75.901194305, 32.703500237], [75.901231769, 32.703820279], [75.901237159, 32.70405928], [75.901301107, 32.704275669], [75.90139733, 32.704550639], [75.901589429, 32.704938396], [75.901685465, 32.705109722], [75.901888148, 32.70542524], [75.902261601, 32.705885026], [75.902634967, 32.706335791], [75.903067094, 32.706804625], [75.903755309, 32.707593456], [75.904614192, 32.70853557], [75.904827653, 32.708891687], [75.904881003, 32.709135121], [75.90485973, 32.709374132], [75.90481183, 32.709554434], [75.904721297, 32.709770853], [75.904524034, 32.710100075], [75.904481064, 32.710165082], [75.904461126, 32.710418385], [75.90452421, 32.710519338], [75.904705566, 32.710749221], [75.905116404, 32.711145947], [75.905489838, 32.711578662], [75.906012676, 32.712214245], [75.906300779, 32.7125433], [75.90651424, 32.712908433], [75.906631662, 32.713187935], [75.906674425, 32.713480967], [75.906658522, 32.713670328], [75.906599865, 32.713778545], [75.906498601, 32.713999464], [75.906429317, 32.71420689], [75.906413489, 32.714445863], [75.906429577, 32.714738906], [75.906472267, 32.714982417], [75.906589763, 32.715374583], [75.906728604, 32.715735293], [75.906952746, 32.716068867], [75.90726745, 32.716357316], [75.907646194, 32.716605159], [75.908003585, 32.716798944], [75.908366342, 32.717037789], [75.908894461, 32.717326221], [75.909161174, 32.717479437], [75.909502734, 32.717826496], [75.909924143, 32.718218619], [75.91020699, 32.71852064], [75.910591119, 32.718876679], [75.910943224, 32.719210218], [75.911311398, 32.71957079], [75.911759591, 32.719940341], [75.912117132, 32.720314519], [75.912378577, 32.72063004], [75.912645358, 32.720945524], [75.912869177, 32.721199528], [75.912869211, 32.721199561], [75.914436697, 32.722422895], [75.914565152, 32.722693418], [75.914646275, 32.722757373], [75.914993103, 32.723072808], [75.915227946, 32.723352256], [75.915350663, 32.723550619], [75.915462833, 32.723771518], [75.915569594, 32.724037469], [75.915745702, 32.724280904], [75.915943214, 32.724519761], [75.916252781, 32.72502011], [75.916727774, 32.725709757], [75.916989299, 32.72606135], [75.917224094, 32.726313734], [75.91746425, 32.726516556], [75.917907097, 32.726795921], [75.918168599, 32.726998766], [75.918285956, 32.727151972], [75.918360782, 32.727309821], [75.918403509, 32.727553237], [75.918462334, 32.727774163], [75.918558476, 32.727981466], [75.918665175, 32.728094159], [75.918761283, 32.728256452], [75.918803988, 32.728414265], [75.918793388, 32.728639669], [75.918756242, 32.728847047], [75.918718946, 32.729050006], [75.918655076, 32.729252889], [75.918559267, 32.729609081], [75.918463445, 32.729974292], [75.918404885, 32.730226838], [75.918399491, 32.730252856], [75.918470969, 32.730822415], [75.918470254, 32.73165341], [75.91854441, 32.731989551], [75.91864607, 32.732526145], [75.918710213, 32.732963429], [75.918769106, 32.73334663], [75.918769388, 32.733810992], [75.918753462, 32.733995843], [75.918689476, 32.734135676], [75.918545534, 32.734252912], [75.918470888, 32.734383712], [75.918385634, 32.73454156], [75.918332414, 32.734721904], [75.918327088, 32.734816565], [75.918353794, 32.734902243], [75.918444573, 32.735064484], [75.918620708, 32.735276343], [75.918962345, 32.735641415], [75.919293203, 32.735974994], [75.919720239, 32.736434692], [75.920152527, 32.7369169], [75.920483476, 32.737299997], [75.920632993, 32.737579519], [75.920713134, 32.737827439], [75.920825284, 32.738115985], [75.920964255, 32.738521688], [75.921092472, 32.738877858], [75.921258071, 32.73942327], [75.921349064, 32.739937207], [75.9214452, 32.740266371], [75.921509392, 32.740581879], [75.921595093, 32.741172527], [75.921617474, 32.741328624], [75.922103256, 32.74205449], [75.922103368, 32.742316887], [75.922171782, 32.742376099], [75.922662984, 32.742957448], [75.922919235, 32.743318085], [75.922967395, 32.743548018], [75.922951452, 32.743678749], [75.922855528, 32.743868159], [75.92259969, 32.744179347], [75.922391873, 32.744634776], [75.922194545, 32.744896372], [75.92229089, 32.745338198], [75.922115214, 32.746199391], [75.921907488, 32.746799053], [75.9217475, 32.747173397], [75.921353132, 32.747705516], [75.920867866, 32.748138536], [75.920307927, 32.748607643], [75.919859878, 32.748851233], [75.919545201, 32.749162485], [75.919252009, 32.749487201], [75.918836461, 32.74985429], [75.918800732, 32.749990333], [75.918738082, 32.750000019], [75.918729633, 32.750247413], [75.917849612, 32.750878966], [75.91735895, 32.75122632], [75.916494951, 32.75200658], [75.916052542, 32.752876841], [75.915460718, 32.753657088], [75.914889969, 32.753972816], [75.913801862, 32.754816301], [75.913391185, 32.755285282], [75.912393943, 32.756552495], [75.911940697, 32.757192895], [75.910644561, 32.758297831], [75.910335295, 32.758622552], [75.90907669, 32.760273015], [75.908607295, 32.760746554], [75.906996287, 32.762108557], [75.905529543, 32.7638267], [75.90478278, 32.764778228], [75.903678421, 32.765535962], [75.902600677, 32.765928444], [75.900135657, 32.767254475], [75.899180647, 32.767890405], [75.89795361, 32.76916655], [75.897308131, 32.770009787], [75.896443884, 32.771141522], [75.896353348, 32.771727674], [75.896583169, 32.77313878], [75.896615365, 32.773666324], [75.896658219, 32.774617653], [75.89650359, 32.774924185], [75.896215454, 32.775077606], [75.895980587, 32.775059533], [75.895901975, 32.775048624], [75.895558882, 32.775001086], [75.895046599, 32.774789203], [75.894603653, 32.77502824], [75.893830037, 32.775749699], [75.893082963, 32.776115026], [75.89204779, 32.776832024], [75.890276166, 32.778599606], [75.889571889, 32.77940678], [75.889571833, 32.779406794], [75.888685997, 32.77963677], [75.887560009, 32.780452967], [75.886674119, 32.781201517], [75.885820314, 32.782247592], [75.885441407, 32.782878802], [75.885067964, 32.78421337], [75.8849188, 32.785940176], [75.884806863, 32.78768494], [75.885458256, 32.788933788], [75.885319514, 32.789718267], [75.885255539, 32.789997805], [75.884935351, 32.790922116], [75.884935361, 32.791246664], [75.885116967, 32.791629913], [75.885800314, 32.793243942], [75.885629595, 32.793884142], [75.884946622, 32.795628972], [75.884263516, 32.797373888], [75.884012681, 32.798122264], [75.883479029, 32.799118705], [75.883447088, 32.800079043], [75.883959699, 32.801143059], [75.88423193, 32.801670533], [75.884205254, 32.801932037], [75.882513215, 32.803582225], [75.88218226, 32.804159326], [75.882636097, 32.805079076], [75.882614785, 32.805462315], [75.882598794, 32.805800415], [75.881557793, 32.806521879], [75.881349674, 32.806819477], [75.881157536, 32.807459642], [75.880949314, 32.807779791], [75.879780186, 32.809236116], [75.879508034, 32.810462431], [75.879086326, 32.811210823], [75.878563092, 32.811661718], [75.877094917, 32.812392185], [75.875413141, 32.812725796], [75.873624542, 32.812667211], [75.873624426, 32.812667184], [75.87312807, 32.812581548], [75.873127953, 32.812581527], [75.872225709, 32.812410231], [75.871851986, 32.812599558], [75.871350094, 32.812833969], [75.870180889, 32.813253243], [75.868541763, 32.813704], [75.86684928, 32.813721953], [75.866849164, 32.813721926], [75.865866806, 32.813550596], [75.865866688, 32.813550574], [75.86503937, 32.81338367], [75.865354184, 32.814267376], [75.865493028, 32.814749809], [75.86558371, 32.815101512], [75.865631789, 32.815466645], [75.865631788, 32.815466678], [75.865380676, 32.817022147], [75.865481896, 32.818857061], [75.865674074, 32.819628042], [75.865631236, 32.820299803], [75.865027823, 32.820845367], [75.864200193, 32.821305161], [75.863799733, 32.821507994], [75.862891788, 32.82281082], [75.862379091, 32.823748576], [75.862096023, 32.824172401], [75.861118765, 32.824785375], [75.859447179, 32.826484905], [75.858811618, 32.827061961], [75.85741224, 32.828490974], [75.857332087, 32.828955343], [75.857107597, 32.829942698], [75.856071472, 32.830488024], [75.855174157, 32.831772863], [75.854410273, 32.832512144], [75.853523685, 32.833337048], [75.852658211, 32.834382886], [75.851274868, 32.83527529], [75.850361468, 32.836073113], [75.849725891, 32.836280384], [75.848187839, 32.836482948], [75.848187619, 32.836482911], [75.84700764, 32.836261817], [75.847007533, 32.836261795], [75.84666577, 32.835973205], [75.846084016, 32.835071544], [75.845891717, 32.835481639], [75.845485553, 32.836356187], [75.84428896, 32.83741539], [75.843108668, 32.837568392], [75.842435712, 32.837689915], [75.842424815, 32.838267012], [75.841730068, 32.839601355], [75.840591814, 32.841463109], [75.840447428, 32.841959017], [75.840238724, 32.843000358], [75.840468225, 32.843428719], [75.839886029, 32.843514261], [75.83706565, 32.844329462], [75.835383173, 32.844703138], [75.834736749, 32.844914916], [75.834736559, 32.844914873], [75.834736527, 32.844914884], [75.833519135, 32.844643953], [75.833187972, 32.844824211], [75.833149286, 32.844851632], [75.83314922, 32.844851679], [75.832685756, 32.845180244], [75.831777753, 32.84525655], [75.829876431, 32.845025989], [75.829977404, 32.846184687], [75.829678097, 32.846644447], [75.828336658, 32.848158807], [75.827973241, 32.848505874], [75.826364824, 32.850011065], [75.825296423, 32.850105342], [75.824826358, 32.850258447], [75.824659859, 32.850357091], [75.82378448, 32.850875708], [75.821893047, 32.851821647], [75.819921532, 32.852848815], [75.818623623, 32.85273103], [75.818682003, 32.85319988], [75.818681168, 32.854575015], [75.818328391, 32.854935515], [75.817815282, 32.855444724], [75.817296497, 32.856454408], [75.817248108, 32.856923324], [75.817178079, 32.857969223], [75.816926498, 32.85878512], [75.816926385, 32.858785179], [75.815868382, 32.85936174], [75.814356125, 32.860100426], [75.81365087, 32.860289477], [75.812763972, 32.860577574], [75.811433902, 32.860554367], [75.811433821, 32.860554337], [75.81143368, 32.860554335], [75.810830389, 32.860333139], [75.810418199, 32.861581768], [75.81028935, 32.862397758], [75.810267224, 32.863443703], [75.809982773, 32.865355122], [75.809698856, 32.866315266], [75.80954857, 32.867361229], [75.809466971, 32.869308856], [75.808621637, 32.871008045], [75.808300624, 32.871593997], [75.807653195, 32.872973307], [75.806744004, 32.874262206], [75.806332088, 32.874893209], [75.806320591, 32.876020265], [75.805978038, 32.876804614], [75.805576899, 32.877340832], [75.803358429, 32.878768835], [75.801299998, 32.880467282], [75.800433714, 32.881255782], [75.798589364, 32.882413406], [75.797370518, 32.883183569], [75.796252813, 32.884255884], [75.79901481, 32.884852722], [75.799938765, 32.88534924], [75.800680757, 32.88622432], [75.801941057, 32.887230383], [75.80487864, 32.888846147], [75.806994024, 32.889843674], [75.809007272, 32.891584997], [75.809429355, 32.891724965], [75.812591889, 32.893110696], [75.812652378, 32.893188155], [75.813264557, 32.893972078], [75.813995836, 32.895325033], [75.814732374, 32.896677859], [75.817146171, 32.899366077], [75.818020988, 32.901864168], [75.819136281, 32.904646342], [75.819269646, 32.905020616], [75.818883973, 32.906382026], [75.818952793, 32.907527222], [75.820170706, 32.908600752], [75.823162826, 32.910346775], [75.824273914, 32.911307493], [75.825219277, 32.912660408], [75.826709067, 32.915424701], [75.827889429, 32.917106806], [75.828744352, 32.917796861], [75.830726612, 32.919461262], [75.831191262, 32.920304439], [75.831190774, 32.921350413], [75.83135066, 32.922310802], [75.831639116, 32.922860913], [75.832638172, 32.924028948], [75.833685646, 32.924574808], [75.83462098, 32.925125105], [75.835973135, 32.925824415], [75.836614306, 32.926640592], [75.837089577, 32.927772317], [75.837704242, 32.92802049], [75.838928429, 32.928038888], [75.840548367, 32.927741796], [75.841141872, 32.92760665], [75.841453689, 32.927657039], [75.842483661, 32.927823475], [75.843686325, 32.928076222], [75.845188436, 32.928459799], [75.845819308, 32.928193949], [75.846412884, 32.927774826], [75.848193427, 32.926445192], [75.849139909, 32.925710484], [75.849931147, 32.925295865], [75.85184511, 32.924931051], [75.852422384, 32.924980785], [75.854908081, 32.925648429], [75.85522347, 32.925680007], [75.857238837, 32.92549545], [75.859334383, 32.925396541], [75.86180433, 32.924179504], [75.864113742, 32.92353053], [75.865653386, 32.922913006], [75.867075338, 32.92276433], [75.868561365, 32.922913125], [75.871047077, 32.923314448], [75.873003618, 32.92384651], [75.87365577, 32.92323337], [75.875312878, 32.920997159], [75.875906276, 32.920199146], [75.876793605, 32.919482325], [75.879124098, 32.918814977], [75.880353563, 32.918666152], [75.882090807, 32.918981693], [75.883277465, 32.918679529], [75.884699187, 32.917281829], [75.885762737, 32.916014827], [75.886628663, 32.915523319], [75.887499796, 32.915158049], [75.888745194, 32.914544767], [75.890455526, 32.91426055], [75.891973564, 32.914476761], [75.89353957, 32.913836247], [75.895175043, 32.913119178], [75.896227891, 32.912794398], [75.896794398, 32.912640964], [75.898488719, 32.912302542], [75.89913548, 32.912207781], [75.901444515, 32.912328978], [75.901978942, 32.91226126], [75.903400922, 32.912707226], [75.903849967, 32.912792827], [75.905821805, 32.9114398], [75.90821044, 32.91003708], [75.909706677, 32.909337792], [75.911502132, 32.908246277], [75.912933782, 32.906708467], [75.914569392, 32.906937888], [75.915483433, 32.907072812], [75.916113998, 32.906937313], [75.916968994, 32.906499706], [75.917439181, 32.906211042], [75.918860579, 32.905764214], [75.91982225, 32.905159746], [75.921157294, 32.902923049], [75.921739218, 32.901791166], [75.922128264, 32.899856925], [75.922239889, 32.898711729], [75.923964893, 32.896492872], [75.925080967, 32.895018141], [75.925561149, 32.89382773], [75.925902754, 32.893119743], [75.927189508, 32.891225651], [75.928273387, 32.889791539], [75.931557696, 32.886598013], [75.934217401, 32.884549923], [75.935290702, 32.883602642], [75.938291989, 32.881229716], [75.939274246, 32.880111074], [75.941057511, 32.878279677], [75.942867955, 32.877255254], [75.944192382, 32.876519691], [75.9454311, 32.875405377], [75.947668361, 32.873758523], [75.94881641, 32.873000434], [75.950109157, 32.87283277], [75.951402909, 32.87381036], [75.952682381, 32.874601444], [75.952889001, 32.874729194], [75.95368567, 32.875368867], [75.955716578, 32.876151999], [75.957539182, 32.876795529], [75.958870263, 32.877534084], [75.960506999, 32.879403915], [75.961191306, 32.87989485], [75.962425613, 32.879921077], [75.963190419, 32.880628402], [75.96405698, 32.88166922], [75.964431304, 32.8819124], [75.96496574, 32.882074336], [75.966071658, 32.881920215], [75.966713734, 32.882789924], [75.966981221, 32.883087231], [75.968360926, 32.884181777], [75.969708334, 32.885046368], [75.971846922, 32.886180899], [75.973007059, 32.886738966], [75.973573562, 32.886779116], [75.975368593, 32.886484606], [75.975555952, 32.886773047], [75.976069196, 32.8870161], [75.977182576, 32.88869685], [75.978285538, 32.890602991], [75.97921201, 32.892292941], [75.980309512, 32.893996154], [75.98123537, 32.895099973], [75.982679055, 32.895729866], [75.984570648, 32.895597545], [75.985720783, 32.896556777], [75.986378812, 32.897160347], [75.98875267, 32.89796521], [75.989420935, 32.898140413], [75.990944277, 32.898319301], [75.991748085, 32.898361003], [75.991799376, 32.898363664], [75.994717946, 32.898870311], [75.996514234, 32.899350932], [75.99676727, 32.899498132], [75.997744465, 32.900066595], [75.998838048, 32.9017525], [75.998951998, 32.902035537], [75.999999871, 32.901875805], [76.002335726, 32.901515965], [76.00247967, 32.901745993], [76.00355788, 32.902788527], [76.003811258, 32.903094052], [76.00381514, 32.903098733], [76.005249265, 32.904827968], [76.006263393, 32.905861341], [76.007758192, 32.90720626], [76.008248946, 32.907928047], [76.008755935, 32.908496633], [76.009119077, 32.908704317], [76.010144908, 32.90897132], [76.012020326, 32.909464425], [76.012404905, 32.909703676], [76.013040114, 32.910335427], [76.013851899, 32.910818537], [76.015454309, 32.911690114], [76.016368172, 32.911839633], [76.017895339, 32.913103346], [76.021875648, 32.914594513], [76.022607686, 32.914784438], [76.024275013, 32.915159996], [76.026295111, 32.915486182], [76.02662621, 32.915568399], [76.027187513, 32.915707776], [76.027227192, 32.915743232], [76.028768165, 32.917120191], [76.030867078, 32.918879998], [76.032046921, 32.920228928], [76.03313621, 32.921374925], [76.03333844, 32.922303745], [76.033176954, 32.923399191], [76.032009161, 32.925774304], [76.031885602, 32.926315254], [76.032002621, 32.926905903], [76.033288754, 32.929115969], [76.033432488, 32.929639106], [76.034104373, 32.931384305], [76.034355273, 32.931740678], [76.035231212, 32.932525731], [76.037463824, 32.934682355], [76.038826084, 32.935751797], [76.040632236, 32.936780997], [76.042930871, 32.93722428], [76.045412201, 32.937664632], [76.045480684, 32.937676785], [76.048747155, 32.93799893], [76.050612745, 32.938459865], [76.05326441, 32.938790488], [76.054499299, 32.938903915], [76.055290489, 32.939089177], [76.057148682, 32.939654824], [76.058599329, 32.940096393], [76.059823399, 32.940430664], [76.061261326, 32.940945307], [76.061779637, 32.941405425], [76.062244377, 32.942027901], [76.063542687, 32.943484742], [76.064744752, 32.944860399], [76.064771408, 32.945013688], [76.065006153, 32.945775666], [76.065230207, 32.946546754], [76.065929842, 32.947759814], [76.067447284, 32.949554879], [76.068130389, 32.951728314], [76.068312074, 32.951899671], [76.071295468, 32.952748591], [76.073482158, 32.953416767], [76.075925769, 32.953733265], [76.077123484, 32.953990741], [76.07751266, 32.954077387], [76.079091126, 32.954428807], [76.082042814, 32.954767944], [76.082651284, 32.955066985], [76.083015799, 32.955246129], [76.08330977, 32.955638466], [76.083330921, 32.95617947], [76.083293221, 32.956693473], [76.08269379, 32.957906058], [76.082532687, 32.959285495], [76.082237491, 32.961566718], [76.083167967, 32.961720287], [76.085141183, 32.961932803], [76.086708135, 32.962109136], [76.087425357, 32.962211711], [76.089077193, 32.962447939], [76.090686696, 32.962890204], [76.091017452, 32.962989254], [76.092178682, 32.963336994], [76.094156868, 32.965163318], [76.094370648, 32.965614236], [76.095161548, 32.96734568], [76.095904644, 32.968400786], [76.096861739, 32.969185489], [76.098476283, 32.971534741], [76.099080006, 32.973996418], [76.100176071, 32.975349197], [76.100844354, 32.976936282], [76.101181083, 32.977648668], [76.1020684, 32.979988673], [76.1024854, 32.981156384], [76.10304659, 32.982833695], [76.103367518, 32.983262002], [76.105458515, 32.985841183], [76.106287502, 32.986878233], [76.10630327, 32.988262257], [76.106222947, 32.988438132], [76.105880432, 32.98901058], [76.103804301, 32.991192329], [76.104071607, 32.991927236], [76.105371003, 32.994866984], [76.105600927, 32.995426063], [76.106600784, 32.99812221], [76.10792744, 32.999999977], [76.107413127, 33.003008186], [76.107123614, 33.005830397], [76.107203826, 33.006055808], [76.107498156, 33.00614601], [76.108161603, 33.006091956], [76.110077146, 33.00614628], [76.111944477, 33.006214174], [76.112328037, 33.006308757], [76.112349398, 33.006314024], [76.113169791, 33.006516325], [76.11527255, 33.007215248], [76.11651917, 33.007634611], [76.117102401, 33.007670793], [76.118584602, 33.007738425], [76.120286098, 33.007878302], [76.121891374, 33.008036159], [76.123095268, 33.008054195], [76.123502727, 33.007990422], [76.124449003, 33.007842311], [76.126712415, 33.007544726], [76.127648771, 33.007544658], [76.128290836, 33.007652864], [76.130279649, 33.008177323], [76.131982975, 33.008626475], [76.133978845, 33.00906367], [76.135204198, 33.009518936], [76.136306464, 33.009590984], [76.137927758, 33.009432981], [76.138589926, 33.009305638], [76.139944961, 33.009045039], [76.14427887, 33.00774155], [76.146023201, 33.007565357], [76.148206168, 33.007353086], [76.152770253, 33.006964392], [76.156012624, 33.006472238], [76.157366267, 33.006368145], [76.158714676, 33.006453497], [76.160336058, 33.006628838], [76.161586746, 33.006944317], [76.162674537, 33.007218696], [76.164279916, 33.007673562], [76.166088704, 33.008128311], [76.167897486, 33.008564995], [76.168748607, 33.009195885], [76.170092352, 33.010520901], [76.170761581, 33.011278043], [76.171821753, 33.012607592], [76.172903541, 33.014063382], [76.174129852, 33.015798674], [76.175586792, 33.018128875], [76.176336339, 33.018863491], [76.177273384, 33.019688063], [76.178322571, 33.02012048], [76.180094109, 33.020543443], [76.181485653, 33.020682617], [76.182576779, 33.020540026], [76.183251479, 33.020451851], [76.184979649, 33.019928012], [76.186798689, 33.019259873], [76.188211093, 33.018736196], [76.189644942, 33.018280126], [76.19182792, 33.017819142], [76.193743514, 33.017538544], [76.195509185, 33.017239962], [76.198473254, 33.016553013], [76.200073127, 33.016362659], [76.201961898, 33.016082013], [76.203502936, 33.015990856], [76.205852308, 33.016147125], [76.209073889, 33.016217153], [76.211182322, 33.016274276], [76.21232767, 33.016449317], [76.213098555, 33.016782403], [76.213120033, 33.016799374], [76.214426768, 33.017831895], [76.215653736, 33.019287153], [76.216655608, 33.020463186], [76.217507465, 33.021301088], [76.219295818, 33.022246459], [76.220714766, 33.022876578], [76.221490733, 33.022912008], [76.222261235, 33.022769399], [76.223031755, 33.02262678], [76.223122055, 33.022608407], [76.224588712, 33.022309987], [76.226209594, 33.021731613], [76.227584548, 33.021378781], [76.229307449, 33.021133897], [76.230805665, 33.020992855], [76.232095285, 33.02088804], [76.234701478, 33.020876801], [76.236408693, 33.020929347], [76.237821437, 33.020855902], [76.238153272, 33.020829971], [76.239630005, 33.020714562], [76.241727837, 33.020694516], [76.242771532, 33.020819779], [76.244061454, 33.021656495], [76.244062377, 33.021657092], [76.244706156, 33.022815177], [76.245039467, 33.023950921], [76.245480978, 33.025844031], [76.24623217, 33.027281449], [76.247148584, 33.028155208], [76.248102543, 33.02910101], [76.248915663, 33.029807395], [76.249050609, 33.029878019], [76.249891906, 33.029894398], [76.249999594, 33.029922723], [76.250341246, 33.02998947], [76.25074246, 33.030156729], [76.251298637, 33.030477296], [76.251737057, 33.030806888], [76.252977269, 33.031817966], [76.254041069, 33.032792833], [76.254970929, 33.033835151], [76.255350748, 33.034047345], [76.255955406, 33.03410656], [76.256640371, 33.03425606], [76.25768353, 33.034685246], [76.25895116, 33.035304091], [76.26059379, 33.035756425], [76.261482016, 33.036018751], [76.262129587, 33.036037366], [76.263579742, 33.03563895], [76.263618067, 33.035628419], [76.264646088, 33.035399371], [76.266626845, 33.035099044], [76.267980628, 33.035343698], [76.269692903, 33.035795924], [76.270852074, 33.036055931], [76.271448043, 33.036189605], [76.272047183, 33.036474193], [76.272913643, 33.037051978], [76.273822527, 33.037972422], [76.274666241, 33.039771925], [76.274954136, 33.040764004], [76.275149405, 33.043234678], [76.275365996, 33.045809126], [76.275701546, 33.047378317], [76.276008675, 33.050376649], [76.276318417, 33.051053091], [76.27693332, 33.051738855], [76.279688328, 33.053557878], [76.280689042, 33.053968902], [76.281352717, 33.05413616], [76.282942108, 33.054696338], [76.284611854, 33.05527921], [76.28605635, 33.056213432], [76.286832268, 33.056570171], [76.287608336, 33.056760045], [76.288545307, 33.05676065], [76.289701729, 33.056797492], [76.290405443, 33.059845611], [76.290557851, 33.062897897], [76.290358103, 33.064601917], [76.289756973, 33.066165958], [76.289289492, 33.067941922], [76.289021433, 33.068203188], [76.287752026, 33.06867115], [76.2863964, 33.069589964], [76.285013854, 33.070729564], [76.283663208, 33.071914279], [76.283443226, 33.07244156], [76.282817522, 33.076841233], [76.282767543, 33.078527373], [76.282877255, 33.081191821], [76.282761053, 33.084802916], [76.283048602, 33.086358497], [76.283582733, 33.087783555], [76.285597669, 33.091905636], [76.286639148, 33.094773676], [76.287216265, 33.096104019], [76.288398048, 33.098174096], [76.288483203, 33.098715186], [76.288397034, 33.099125373], [76.286616413, 33.101486533], [76.285945964, 33.102387716], [76.287455611, 33.103281456], [76.292113307, 33.105953472], [76.294918392, 33.108015568], [76.297514628, 33.110136143], [76.300293014, 33.112346938], [76.301599098, 33.113623509], [76.302550157, 33.116694191], [76.303309667, 33.118250008], [76.303727256, 33.11860641], [76.305221194, 33.119617159], [76.308177656, 33.120799874], [76.310625307, 33.121811002], [76.313410725, 33.122668982], [76.313833721, 33.123002834], [76.313967489, 33.123340998], [76.314170467, 33.124202178], [76.314588005, 33.124838049], [76.314855745, 33.125045551], [76.315637781, 33.125253306], [76.317291351, 33.125541412], [76.318439695, 33.125741479], [76.319730658, 33.126098229], [76.321471791, 33.126459662], [76.324590019, 33.126650314], [76.325120382, 33.126799263], [76.32558644, 33.12698434], [76.326298828, 33.127340773], [76.328456741, 33.129870668], [76.330015272, 33.131408587], [76.330770311, 33.132229388], [76.333400404, 33.134173309], [76.334669935, 33.135070923], [76.339764158, 33.139287627], [76.341001632, 33.140401527], [76.344001596, 33.1430036], [76.345003525, 33.143639548], [76.346648466, 33.144370274], [76.348829304, 33.145515827], [76.352714124, 33.147567849], [76.355806097, 33.149331019], [76.359476771, 33.151540555], [76.362097391, 33.153195428], [76.362874484, 33.153511073], [76.363833814, 33.153664448], [76.365682866, 33.153249777], [76.366347489, 33.153177729], [76.366989682, 33.153177776], [76.367237214, 33.153177794], [76.367858849, 33.153286052], [76.368464525, 33.153457344], [76.368952194, 33.153831599], [76.369401356, 33.154298887], [76.369563163, 33.154467222], [76.370174139, 33.155233709], [76.370522484, 33.156031674], [76.371706916, 33.158822311], [76.372328648, 33.160544511], [76.372971768, 33.161387562], [76.375743021, 33.164241278], [76.376611341, 33.16532777], [76.377656676, 33.166170766], [76.380395888, 33.167631369], [76.381618191, 33.168717777], [76.382754732, 33.169804223], [76.38455601, 33.171021349], [76.385681775, 33.17158929], [76.386217878, 33.171963385], [76.387241868, 33.172414115], [76.388909151, 33.172954887], [76.39046924, 33.173572413], [76.390892772, 33.173851781], [76.391981204, 33.174753336], [76.394957469, 33.17895906], [76.39624986, 33.180122005], [76.397183054, 33.181411176], [76.397853343, 33.182123369], [76.398319805, 33.182366694], [76.400148102, 33.182515158], [76.401102526, 33.18288908], [76.401595935, 33.183321759], [76.402121528, 33.183781491], [76.403054815, 33.185088743], [76.403896794, 33.185787333], [76.404234635, 33.185859372], [76.40517283, 33.185764455], [76.407596198, 33.185538384], [76.408971771, 33.185360564], [76.410357255, 33.185181451], [76.41258212, 33.184919382], [76.414163821, 33.185049603], [76.414625003, 33.185234302], [76.416176355, 33.185902958], [76.416673505, 33.186117231], [76.420330862, 33.18765775], [76.421391974, 33.1866926], [76.421806915, 33.186316165], [76.422560293, 33.185632689], [76.424275593, 33.184996355], [76.425385127, 33.184508983], [76.425787138, 33.184323999], [76.426146212, 33.184044355], [76.426590968, 33.183724046], [76.426987412, 33.183182872], [76.428257309, 33.181965174], [76.431308042, 33.182094547], [76.431929827, 33.181904851], [76.433532264, 33.181025004], [76.434550501, 33.180555651], [76.435708427, 33.180293647], [76.436576878, 33.180275149], [76.437869019, 33.180351141], [76.439021587, 33.180273877], [76.440093945, 33.180440141], [76.440716052, 33.18066527], [76.441627665, 33.180944224], [76.441694832, 33.180963829], [76.443231065, 33.181412216], [76.444834073, 33.18146992], [76.445681051, 33.18133869], [76.446410358, 33.181116012], [76.446479736, 33.181094828], [76.447337066, 33.180517299], [76.448912478, 33.179655248], [76.449625428, 33.179501652], [76.450740507, 33.179428775], [76.452611413, 33.179350948], [76.454369958, 33.179444503], [76.454949041, 33.179498253], [76.456005361, 33.17971841], [76.457146954, 33.180021957], [76.457764321, 33.180186108], [76.459346333, 33.180653871], [76.461372861, 33.180652462], [76.462086027, 33.18076467], [76.463099596, 33.18104353], [76.464478387, 33.181993783], [76.46483245, 33.18220084], [76.465347214, 33.1823132], [76.466392802, 33.182407129], [76.467373797, 33.182293654], [76.468016952, 33.182103888], [76.469107555, 33.181592277], [76.469576343, 33.18137236], [76.471199777, 33.180437853], [76.472780609, 33.179760417], [76.474468831, 33.17934883], [76.476339622, 33.179067722], [76.478221069, 33.178840753], [76.479378949, 33.178745106], [76.479931214, 33.178785259], [76.480644328, 33.178874814], [76.481781231, 33.179157826], [76.482317771, 33.179454925], [76.482646678, 33.179614807], [76.483465756, 33.180012956], [76.485203969, 33.181003245], [76.486518689, 33.18189918], [76.487141023, 33.182295431], [76.488181736, 33.182772267], [76.489823253, 33.18347405], [76.492306997, 33.184531161], [76.494464139, 33.185818515], [76.495826935, 33.186529426], [76.497361666, 33.187465708], [76.498885993, 33.188526105], [76.499406925, 33.188731503], [76.499999988, 33.189021437], [76.501753781, 33.189878904], [76.505236087, 33.19197863], [76.506703012, 33.193648123], [76.507945087, 33.195100894], [76.509306178, 33.195841525], [76.510330219, 33.195937146], [76.511799681, 33.195753627], [76.513633935, 33.195412695], [76.514217144, 33.195413207], [76.515617928, 33.195414431], [76.517489284, 33.195416066], [76.519065578, 33.195575137], [76.522883112, 33.1958849], [76.523536992, 33.196023524], [76.524057103, 33.196133787], [76.525268658, 33.196414308], [76.528457861, 33.197588927], [76.530183783, 33.198329624], [76.531426963, 33.199074433], [76.532970791, 33.199661577], [76.534472037, 33.199879095], [76.536123464, 33.200065068], [76.536858047, 33.20012427], [76.538273624, 33.200183799], [76.539237725, 33.200143964], [76.539775146, 33.200121756], [76.541319905, 33.19978463], [76.542934538, 33.199199684], [76.544694021, 33.198520025], [76.546200983, 33.198336176], [76.547192787, 33.198553196], [76.548071748, 33.199081314], [76.548865212, 33.19988218], [76.549904075, 33.200930709], [76.551007838, 33.202013275], [76.553354642, 33.20448517], [76.555664682, 33.206217668], [76.557058247, 33.207142604], [76.558194706, 33.207851048], [76.559223782, 33.208613405], [76.560692524, 33.209538348], [76.561647169, 33.209538906], [76.562891628, 33.209106794], [76.564635172, 33.208489501], [76.565498656, 33.208183779], [76.567188642, 33.207228796], [76.568878159, 33.206886978], [76.572659226, 33.206334104]]]]}}]}