s_no,hospital_name,district_name,hosp_type,tier,hosp_level,level_source,dump_hosp_level,latitude,longitude,tpl_total,tpl_source,tpl_rows_in_dump,dump_hospid,coord_status,coord_note
1,AL AFIA HOSPITAL MANDIKHERA,Mewat,DCH,Tertiary,L2,spec_type,L2,27.900228,76.993807,43.56,estimated,0,419,ok,
2,DISTRICT CIVIL HOSPITAL AMBALA CITY,Ambala,DCH,Tertiary,L2,spec_type,L2,30.378993,76.779752,37.80,real,1,6,ok,
3,DISTRICT CIVIL HOSPITAL BHIWANI,Bhiwani,DCH,Tertiary,L2,spec_type,L2,28.799179,76.133512,35.81,estimated,0,937,ok,
4,DISTRICT CIVIL HOSPITAL CHARKHI DADRI,Charkhi Dadri,DCH,Tertiary,L2,spec_type,,28.592459,76.251397,42.29,estimated,0,,ok,
5,DISTRICT CIVIL HOSPITAL FARIDABAD,Faridabad,DCH,Tertiary,L2,spec_type,L2,28.392321,77.298436,44.13,real,1,688,ok,
6,DISTRICT CIVIL HOSPITAL FATEHABAD,Fatehabad,DCH,Tertiary,L2,spec_type,L2,29.517012,75.449318,27.38,real,1,778,ok,
7,DISTRICT CIVIL HOSPITAL GURUGRAM,Gurugram,DCH,Tertiary,L2,spec_type,,28.461990,77.033847,24.96,estimated,0,,ok,
8,DISTRICT CIVIL HOSPITAL HISAR,Hissar,DCH,Tertiary,L2,spec_type,L2,28.457349,76.997412,52.53,real,1,110,unverified,"DCH Hisar's GPS is ~137km off (matches DCH Gurugram's location in the source data) — confirmed wrong in both our source data and the partner's live feed. Location shown is approximate; true site is Civil Hospital, Sirsa Road, Hisar. Pending an authoritative fix."
9,DISTRICT CIVIL HOSPITAL YANUNANAGAR,Jagadhari,DCH,Tertiary,L2,spec_type,L2,30.172094,77.291331,28.93,real,1,182,ok,
10,DISTRICT CIVIL HOSPITAL JHAJJAR,Jhajjar,DCH,Tertiary,L2,spec_type,,28.608370,76.642332,45.08,estimated,0,,ok,
11,DISTRICT CIVIL HOSPITAL JIND,Jind,DCH,Tertiary,L2,spec_type,,29.312032,76.330120,45.18,estimated,0,,ok,
12,DISTRICT CIVIL HOSPITAL KAITHAL,Kaithal,DCH,Tertiary,L2,spec_type,L2,29.849475,76.661984,54.50,real,1,718,ok,
13,DISTRICT CIVIL HOSPITAL KARNAL,Karnal,DCH,Tertiary,L2,spec_type,L2,29.696370,76.993472,54.80,real,2,288,ok,
14,DISTRICT CIVIL HOSPITAL KURUKSHETRA,Kurukshetra,DCH,Tertiary,L2,spec_type,L2,29.970437,76.820327,49.70,real,1,357,ok,
15,DISTRICT CIVIL HOSPITAL NARNAUL,Narnaul,DCH,Tertiary,L2,spec_type,L2,28.066014,76.101360,19.85,real,1,393,ok,
16,DISTRICT CIVIL HOSPITAL PALWAL,Palwal,DCH,Tertiary,L2,spec_type,,28.136214,77.327077,18.19,estimated,0,,ok,
17,DISTRICT CIVIL HOSPITAL PANCHKULA,Panchkula,DCH,Tertiary,L2,spec_type,L2,30.705134,76.855096,24.88,real,1,440,ok,
18,DISTRICT CIVIL HOSPITAL PANIPAT,Panipat,DCH,Tertiary,L2,spec_type,L2,29.400087,76.969885,54.00,real,1,464,ok,
19,DISTRICT CIVIL HOSPITAL REWARI,Rewari,DCH,Tertiary,L2,spec_type,L2,28.202320,76.619801,38.48,real,1,535,ok,
20,DISTRICT CIVIL HOSPITAL ROHTAK,Rohtak,DCH,Tertiary,L2,spec_type,,29.059272,76.085936,42.79,estimated,0,,unverified,DCH Rohtak's GPS is ~49km off — confirmed wrong in both our source data and the partner's live feed. Location shown is approximate. Pending an authoritative fix.
21,DISTRICT CIVIL HOSPITAL SIRSA,Sirsa,DCH,Tertiary,L2,spec_type,L2,29.539493,75.014523,17.15,real,5,547,ok,
22,DISTRICT CIVIL HOSPITAL SONIPAT,Sonepat,DCH,Tertiary,L2,spec_type,,28.951946,77.007977,36.57,estimated,0,,ok,
23,SUB DIVISIONAL CIVIL HOSPITAL AMBALA CANTT,Ambala,CH_SDH,Secondary,L3,spec_type,L3,30.383158,76.779917,25.48,real,1,37,ok,
24,SUB DIVISIONAL CIVIL HOSPITAL NARAINGARH,Ambala,CH_SDH,Secondary,L3,spec_type,L3,30.483610,77.125753,36.40,real,2,38,ok,
25,SUB DIVISIONAL CIVIL HOSPITAL TOSHAM,Bhiwani,CH_SDH,Secondary,L3,spec_type,L3,28.873741,75.918224,29.18,real,1,967,ok,
26,SUB DIVISIONAL CIVIL HOSPITAL LOHARU,Bhiwani,CH_SDH,Secondary,L3,spec_type,L3,28.592002,76.252318,10.78,real,1,968,ok,
27,SUB DIVISIONAL CIVIL HOSPITAL SIWANI,Bhiwani,CH_SDH,Secondary,L3,spec_type,L3,28.937081,75.604170,17.63,real,1,969,ok,
28,CIVIL HOSPITAL DEVRALA,Bhiwani,CH_SDH,Secondary,L3,spec_type,L3,28.688029,75.818099,0.58,real,1,970,ok,
29,SUB DIVISIONAL CIVIL HOSPITAL  BAWANI KHERA,Bhiwani,CH_SDH,Secondary,L3,spec_type,L3,28.944721,76.034238,17.28,real,1,971,ok,
30,SUB DIVISIONAL CIVIL HOSPITAL BALLABHGARH,Faridabad,CH_SDH,Secondary,L3,spec_type,L3,28.386529,77.295496,29.43,real,1,715,ok,
31,SUB DIVISIONAL CIVIL HOSPITAL RATIA,Fatehabad,CH_SDH,Secondary,L3,spec_type,L3,29.685408,75.570358,29.00,real,1,804,ok,
32,SUB DIVISIONAL CIVIL HOSPITAL TOHANA,Fatehabad,CH_SDH,Secondary,L3,spec_type,L3,29.705313,75.907590,22.30,real,1,805,ok,
33,CIVIL HOSPITAL HAILY MANDI,Gurugram,CH_SDH,Secondary,L3,spec_type,L3,28.345839,76.761516,14.85,real,12,94,ok,
34,SUB DIVISIONAL CIVIL HOSPITAL PATAUDI,Gurugram,CH_SDH,Secondary,L3,spec_type,,28.324877,76.782143,28.85,estimated,0,,ok,
35,SUB DIVISIONAL CIVIL HOSPITAL SOHANA,Gurugram,CH_SDH,Secondary,L3,spec_type,,28.249783,77.068477,44.17,estimated,0,,ok,
36,CIVIL HOSPITAL SECTOR 10  GURUGRAM,Gurugram,CH_SDH,Secondary,L3,spec_type,L3,28.456560,76.997316,50.35,real,1,96,ok,
37,SUB DIVISIONAL CIVIL HOSPITAL  BARWALA,Hissar,CH_SDH,Secondary,L3,spec_type,,29.361225,75.908017,21.45,estimated,0,,ok,
38,SUB DIVISIONAL CIVIL HOSPITAL NARNAUND,Hissar,CH_SDH,Secondary,L3,spec_type,L3,29.224512,76.145468,25.30,real,1,171,ok,
39,SUB DIVISIONAL CIVIL HOSPITAL HANSI,Hissar,CH_SDH,Secondary,L3,spec_type,L3,29.093743,75.956023,29.33,real,1,162,ok,
40,SUB DIVISIONAL CIVIL HOSPITAL  ADAMPUR,Hissar,CH_SDH,Secondary,L3,spec_type,,29.286490,75.472600,22.41,estimated,0,,ok,
41,CIVIL HOSPITAL  RADAUR,Jagadhari,CH_SDH,Secondary,L3,spec_type,L3,30.032585,77.152690,19.78,real,2,197,ok,
42,SUB DIVIONAL CIVIL HOSPITAL JAGADHRI,Jagadhari,CH_SDH,Secondary,L3,spec_type,L3,30.170776,77.291495,39.98,real,1,196,ok,
43,SUB DIVISIONAL CIVIL HOSPITAL BERI,Jhajjar,CH_SDH,Secondary,L3,spec_type,,28.698124,76.577618,11.10,estimated,0,,ok,
44,CIVIL HOSPITAL MATANHAIL,Jhajjar,CH_SDH,Secondary,L3,spec_type,L3,28.571499,76.464444,14.25,real,1,220,ok,
45,CIVIL HOSPITAL KHARHAR,Jhajjar,CH_SDH,Secondary,L3,spec_type,L3,28.694620,76.725659,5.98,real,2,221,ok,
46,CIVIL HOSPITAL BAHADURGARH,Jhajjar,CH_SDH,Secondary,L3,spec_type,L3,28.697156,76.924715,24.49,estimated,0,222,ok,
47,CIVIL HOSPITAL UCHANA,Jind,CH_SDH,Secondary,L3,spec_type,L3,29.477212,76.187663,34.50,real,1,256,ok,
48,SUB DIVISIONAL CIVIL HOSPITAL NARWANA,Jind,CH_SDH,Secondary,L3,spec_type,L3,29.602450,76.128153,42.45,real,1,978,ok,
49,SUB DIVISIONAL CIVIL HOSPITAL SAFIDON,Jind,CH_SDH,Secondary,L3,spec_type,,29.404895,76.665304,14.33,estimated,0,,ok,
50,SUB DIVISIONAL CIVIL HOSPITAL KALAYAT,Kaithal,CH_SDH,Secondary,L3,spec_type,L3,29.673404,76.249802,25.35,real,1,279,ok,
51,CIVIL HOSPITAL GULHA,Kaithal,CH_SDH,Secondary,L3,spec_type,L3,30.037859,76.309512,44.90,real,1,743,ok,
52,SUB DIVISIONAL CIVIL HOSPITAL ASSANDH,Karnal,CH_SDH,Secondary,L3,spec_type,L3,29.652349,76.868937,23.60,real,1,349,ok,
53,SUB DIVISIONAL CIVIL HOSPITAL INDRI,Karnal,CH_SDH,Secondary,L3,spec_type,L3,29.879010,77.056198,22.60,real,1,350,ok,
54,SUB DIVISIONAL CIVIL HOSPITAL NILOKHERI,Karnal,CH_SDH,Secondary,L3,spec_type,L3,29.843822,76.933132,25.30,real,1,351,ok,
55,CIVIL HOSPITAL SHAHABAD,Kurukshetra,CH_SDH,Secondary,L3,spec_type,L3,30.170003,76.867296,40.88,real,1,386,ok,
56,CIVIL HOSPITAL SARASWATI KHERA BHATMAJRA PEHOWA,Kurukshetra,CH_SDH,Secondary,L3,spec_type,L3,29.975036,76.581445,11.55,real,1,754,ok,
57,CIVIL HOSPITAL MAHENDERGARH,Narnaul,CH_SDH,Secondary,L3,spec_type,,28.274491,76.148426,3.78,estimated,0,,ok,
58,CIVIL HOSPITAL KANINA,Narnaul,CH_SDH,Secondary,L3,spec_type,,28.330617,76.305915,22.87,estimated,0,,ok,
59,CIVIL HOSPITAL HODAL,Palwal,CH_SDH,Secondary,L3,spec_type,L3,27.895328,77.366570,25.13,real,1,1192,ok,
60,CIVIL HOSPITAL KALKA,Panchkula,CH_SDH,Secondary,L3,spec_type,,30.838558,76.938124,40.08,estimated,0,,ok,
61,SUB DIVISIONAL CIVIL HOSPITAL SAMALKHA,Panipat,CH_SDH,Secondary,L3,spec_type,L3,29.260887,77.009268,37.00,real,3,529,ok,
62,CIVIL HOSPITAL KOSLI,Rewari,CH_SDH,Secondary,L3,spec_type,L3,28.396180,76.485033,32.35,real,1,923,ok,
63,CIVIL HOSPITAL KALANAUR,Rohtak,CH_SDH,Secondary,L3,spec_type,,28.828559,76.402422,19.52,estimated,0,,ok,
64,SUB DIVISIONAL CIVIL HOSPITAL MEHAM,Rohtak,CH_SDH,Secondary,L3,spec_type,,28.962351,76.295822,5.96,estimated,0,,ok,
65,SUB DIVISIONAL CIVIL HOSPITAL DABWALI,Sirsa,CH_SDH,Secondary,L3,spec_type,L3,29.956908,74.698108,25.48,real,1,570,ok,
66,CIVIL HOSPITAL CHAUTALA,Sirsa,CH_SDH,Secondary,L3,spec_type,L3,29.785557,74.526862,19.24,real,2,571,ok,
67,SUB DIVISIONAL CIVIL HOSPITAL  ELLANABAD,Sirsa,CH_SDH,Secondary,L3,spec_type,L3,29.540211,75.016420,50.90,real,1,572,ok,
68,SUB DIVISIONAL CIVIL HOSPITAL GOHANA,Sonepat,CH_SDH,Secondary,L3,spec_type,,29.137412,76.695329,20.72,estimated,0,,ok,
69,CIVIL HOSPITAL KHARKHODA,Sonepat,CH_SDH,Secondary,L3,spec_type,,28.878772,76.916472,32.50,estimated,0,,ok,
70,CHC MULLANA,Ambala,CHC,Secondary,L3,spec_type,L3,30.275545,77.047601,18.80,real,2,2,ok,
71,CHC CHARMASTPUR,Ambala,CHC,Secondary,L3,spec_type,L3,30.281088,76.696181,20.75,real,2,3,ok,
72,CHC BARARA,Ambala,CHC,Secondary,L3,spec_type,L3,30.205804,77.043563,25.43,real,1,4,ok,
73,CHC  SHAHZADPUR,Ambala,CHC,Secondary,L3,spec_type,L3,30.447369,77.030687,16.13,real,2,1,ok,
74,CHC AMBLI,Ambala,CHC,Secondary,L3,spec_type,L3,30.415511,77.150003,10.80,real,1,5,ok,
75,CHC MANHERU,Bhiwani,CHC,Secondary,L3,spec_type,L3,28.706890,76.214468,12.65,real,1,932,ok,
76,CHC MIRAN,Bhiwani,CHC,Secondary,L3,spec_type,L3,28.842511,75.738254,5.88,real,1,985,ok,
77,CHC DHANANA,Bhiwani,CHC,Secondary,L3,spec_type,L3,28.931155,76.162934,11.68,real,1,933,ok,
78,CHC KAIRU,Bhiwani,CHC,Secondary,L3,spec_type,L3,28.699152,75.877676,10.20,real,1,934,ok,
79,CHC JAMALPUR,Bhiwani,CHC,Secondary,L3,spec_type,L3,28.478484,76.470830,13.98,real,1,935,ok,
80,CHC GOPI,Charkhi Dadri,CHC,Secondary,L3,spec_type,,28.550249,75.954561,19.79,estimated,0,,ok,
81,CHC Bond Kalan,Charkhi Dadri,CHC,Secondary,L3,spec_type,,28.778465,76.341895,27.24,estimated,0,,ok,
82,CHC JHOJHU KALAN,Charkhi Dadri,CHC,Secondary,L3,spec_type,,28.522879,76.150087,25.57,estimated,0,,ok,
83,CHC  PALI,Faridabad,CHC,Secondary,L3,spec_type,,28.381908,77.244140,26.14,estimated,0,,ok,
84,CHC KHERI KALAN,Faridabad,CHC,Secondary,L3,spec_type,L3,28.419874,77.325813,25.00,real,2,686,ok,
85,CHC TIGAON,Faridabad,CHC,Secondary,L3,spec_type,L3,28.349752,77.388128,33.18,real,1,685,ok,
86,CHC KURALI,Faridabad,CHC,Secondary,L3,spec_type,L3,28.350897,77.388568,24.58,real,1,687,ok,
87,CHC BHUTHAN KALAN,Fatehabad,CHC,Secondary,L3,spec_type,L3,29.553085,75.549431,39.98,real,1,774,ok,
88,CHC BHUNA,Fatehabad,CHC,Secondary,L3,spec_type,,29.538843,75.707322,30.46,estimated,0,,ok,
89,CHC JAKHAL,Fatehabad,CHC,Secondary,L3,spec_type,L3,29.805886,75.824676,21.35,real,1,775,ok,
90,CHC BHATTU KALAN,Fatehabad,CHC,Secondary,L3,spec_type,L3,29.405535,75.339806,18.33,real,1,776,ok,
91,CHC BADOPAL,Fatehabad,CHC,Secondary,L3,spec_type,L3,29.420275,75.543270,23.00,real,1,777,ok,
92,CHC FARRUKH NAGAR,Gurugram,CHC,Secondary,L3,spec_type,,28.445212,76.819311,17.07,estimated,0,,ok,
93,CHC GHANGOLA,Gurugram,CHC,Secondary,L3,spec_type,,28.258707,77.202709,22.82,estimated,0,,ok,
94,CHC BHORA KALAN,Gurugram,CHC,Secondary,L3,spec_type,,28.306910,76.841420,22.30,estimated,0,,ok,
95,CHC MANGALI,Hissar,CHC,Secondary,L3,spec_type,L3,29.083944,75.723913,21.30,real,1,112,ok,
96,CHC   ARYANAGAR,Hissar,CHC,Secondary,L3,spec_type,,29.116549,75.644572,32.99,estimated,0,,ok,
97,CHC UKLANA,Hissar,CHC,Secondary,L3,spec_type,L3,29.498393,75.878409,14.90,real,1,107,ok,
98,CHC SISAI BOLA,Hissar,CHC,Secondary,L3,spec_type,L3,29.173065,76.013389,16.53,real,1,106,ok,
99,CHC SORKHI,Hissar,CHC,Secondary,L3,spec_type,L3,29.052920,76.121433,36.40,real,1,103,ok,
100,CHC MIRCHPUR,Hissar,CHC,Secondary,L3,spec_type,L3,29.316620,76.180688,17.48,real,1,108,ok,
101,CHC   SISWAL,Hissar,CHC,Secondary,L3,spec_type,,29.212839,75.510451,26.55,estimated,0,,ok,
102,CHC KHANDA KHERI,Hissar,CHC,Secondary,L3,spec_type,L3,29.189009,76.226408,22.48,real,1,105,ok,
103,CHC CHHACHHAULI,Jagadhari,CHC,Secondary,L3,spec_type,L3,30.241119,77.359110,7.28,real,1,176,ok,
104,CHC BILASPUR,Jagadhari,CHC,Secondary,L3,spec_type,L3,30.301746,77.303877,13.80,real,2,177,ok,
105,CHC NAHARPUR,Jagadhari,CHC,Secondary,L3,spec_type,L3,30.057414,77.275639,19.80,real,1,180,ok,
106,CHC KHIZRABAD,Jagadhari,CHC,Secondary,L3,spec_type,L3,30.287218,77.497397,22.83,real,1,181,ok,
107,CHC SADHAURA,Jagadhari,CHC,Secondary,L3,spec_type,L3,30.382233,77.226157,19.18,real,1,178,ok,
108,CHC MUSTAFABAD,Jagadhari,CHC,Secondary,L3,spec_type,,30.311166,77.121150,37.79,estimated,0,,ok,
109,CHC  DUBALDHAN,Jhajjar,CHC,Secondary,L3,spec_type,,28.689084,76.481631,22.31,estimated,0,,ok,
110,CHC BADLI,Jhajjar,CHC,Secondary,L3,spec_type,L3,28.578581,76.805799,26.06,estimated,0,906,ok,
111,CHC   DHAKLA,Jhajjar,CHC,Secondary,L3,spec_type,,28.486895,76.560839,18.27,estimated,0,,ok,
112,CHC DHIGAL,Jhajjar,CHC,Secondary,L3,spec_type,L3,28.763766,76.626393,27.63,real,1,199,ok,
113,CHC JAMALPUR,Jhajjar,CHC,Secondary,L3,spec_type,L3,28.478427,76.470873,16.50,estimated,0,200,ok,
114,CHC CHHARA,Jhajjar,CHC,Secondary,L3,spec_type,,28.694781,76.725591,14.40,estimated,0,,ok,
115,CHC   JULANA,Jind,CHC,Secondary,L3,spec_type,,29.132920,76.400031,6.15,estimated,0,,ok,
116,CHC   KALWA,Jind,CHC,Secondary,L3,spec_type,,29.341742,76.518266,4.82,estimated,0,,ok,
117,CHC UJHANA,Jind,CHC,Secondary,L3,spec_type,L3,29.470500,76.181061,13.78,real,1,229,ok,
118,CHC KHARAK RAMJI JIND,Jind,CHC,Secondary,L3,spec_type,,29.305236,76.432994,15.30,estimated,0,,ok,
119,CHC KANDELA,Jind,CHC,Secondary,L3,spec_type,,29.381840,76.341740,24.93,estimated,0,,ok,
120,CHC MUANA,Jind,CHC,Secondary,L3,spec_type,,29.431480,76.566260,22.49,estimated,0,,ok,
121,CHC ALEWA,Jind,CHC,Secondary,L3,spec_type,,29.465094,76.454458,20.91,estimated,0,,ok,
122,CHC KAUL,Kaithal,CHC,Secondary,L3,spec_type,L3,29.848907,76.659994,27.00,real,1,269,ok,
123,CHC SIWAN,Kaithal,CHC,Secondary,L3,spec_type,L3,29.883372,76.351769,23.63,real,1,746,ok,
124,CHC RAJOUND,Kaithal,CHC,Secondary,L3,spec_type,L3,29.576455,76.482632,24.95,real,1,267,ok,
125,CHC PUNDRI,Kaithal,CHC,Secondary,L3,spec_type,L3,29.478698,77.028036,12.75,real,1,268,ok,
126,CHC GHARAUNDA,Karnal,CHC,Secondary,L3,spec_type,L3,29.534858,76.974028,33.63,real,1,281,ok,
127,CHC TARAORI,Karnal,CHC,Secondary,L3,spec_type,L3,29.802027,76.929931,24.85,real,1,282,ok,
128,CHC NISSING,Karnal,CHC,Secondary,L3,spec_type,L3,29.691366,76.760418,27.33,real,1,287,ok,
129,CHC SAMBHALI,Karnal,CHC,Secondary,L3,spec_type,L3,29.767019,76.798414,6.63,real,1,280,ok,
130,CHC BALLAH,Karnal,CHC,Secondary,L3,spec_type,L3,29.493386,76.790864,29.38,real,1,286,ok,
131,CHC PADHA,Karnal,CHC,Secondary,L3,spec_type,L3,29.596508,76.882362,15.28,real,1,283,ok,
132,CHC NIGHDU,Karnal,CHC,Secondary,L3,spec_type,L3,29.835905,76.736055,27.10,real,1,284,ok,
133,CHC KUNJPURA,Karnal,CHC,Secondary,L3,spec_type,L3,29.719160,77.077844,26.43,real,1,285,ok,
134,CHC BARNA,Kurukshetra,CHC,Secondary,L3,spec_type,L3,29.910574,76.730652,5.85,real,2,352,ok,
135,CHC BABAIN,Kurukshetra,CHC,Secondary,L3,spec_type,L3,30.078142,76.989833,27.90,real,1,353,ok,
136,CHC JHANSA,Kurukshetra,CHC,Secondary,L3,spec_type,L3,30.114877,76.735897,22.10,real,1,354,ok,
137,CHC LADWA,Kurukshetra,CHC,Secondary,L3,spec_type,L3,29.996731,77.044491,15.65,real,1,355,ok,
138,CHC MATHANA,Kurukshetra,CHC,Secondary,L3,spec_type,L3,29.983656,76.953049,16.58,real,1,356,ok,
139,CHC FIROZPUR ZIRKHA,Mewat,CHC,Secondary,L3,spec_type,,27.789143,76.947377,34.21,estimated,0,,ok,
140,CHC NUH,Mewat,CHC,Secondary,L3,spec_type,,28.097733,77.000968,7.86,estimated,0,,ok,
141,CHC PINAGWAN,Mewat,CHC,Secondary,L3,spec_type,,27.899690,77.101686,26.55,estimated,0,,ok,
142,CHC PUNHANA,Mewat,CHC,Secondary,L3,spec_type,,27.902147,77.101600,22.41,estimated,0,,ok,
143,CHC TAURU,Mewat,CHC,Secondary,L3,spec_type,,28.211420,76.945579,13.20,estimated,0,,ok,
144,CHC SATNALI,Narnaul,CHC,Secondary,L3,spec_type,,28.378143,75.964024,23.95,estimated,0,,ok,
145,CHC NANGAL SIROHI,Narnaul,CHC,Secondary,L3,spec_type,,28.194946,76.132964,11.80,estimated,0,,ok,
146,CHC NANGAL CHOUDHARY,Narnaul,CHC,Secondary,L3,spec_type,,27.891867,76.109827,14.91,estimated,0,,ok,
147,CHC SEHLANG,Narnaul,CHC,Secondary,L3,spec_type,,28.410786,76.217141,24.08,estimated,0,,ok,
148,CHC DOCHANA,Narnaul,CHC,Secondary,L3,spec_type,,28.099185,75.994860,22.78,estimated,0,,ok,
149,CHC ATELI,Narnaul,CHC,Secondary,L3,spec_type,,28.101984,76.260847,23.68,estimated,0,,ok,
150,CHC AURANGABAD,Palwal,CHC,Secondary,L3,spec_type,L3,28.021511,77.334638,17.11,real,2,1199;1200,ok,
151,CHC BADOLI,Palwal,CHC,Secondary,L3,spec_type,,29.268385,76.355239,31.16,estimated,0,,ok,
152,CHC HATHIN,Palwal,CHC,Secondary,L3,spec_type,L3,28.043453,77.230838,12.15,real,1,1208,ok,
153,CHC DUDHOLA,Palwal,CHC,Secondary,L3,spec_type,L3,28.209296,77.273439,4.63,real,1,1218,ok,
154,CHC SOUNDH,Palwal,CHC,Secondary,L3,spec_type,,27.895566,77.381716,23.72,estimated,0,,ok,
155,CHC ALAWALPUR,Palwal,CHC,Secondary,L3,spec_type,,28.185350,77.392121,31.16,estimated,0,,ok,
156,CHC   RAIPUR RANI,Panchkula,CHC,Secondary,L3,spec_type,,30.583753,77.025309,33.29,estimated,0,,ok,
157,CHC NANAKPUR,Panchkula,CHC,Secondary,L3,spec_type,L3,30.878464,76.853368,36.85,real,1,438,ok,
158,CHC BAPOLI,Panipat,CHC,Secondary,L3,spec_type,L3,29.358703,77.059684,7.08,real,1,457,ok,
159,CHC AHAR,Panipat,CHC,Secondary,L3,spec_type,L3,29.303573,76.741390,12.25,real,2,458,ok,
160,CHC DADLANA,Panipat,CHC,Secondary,L3,spec_type,L3,29.497308,76.903751,3.70,real,1,459,ok,
161,CHC NAULTHA,Panipat,CHC,Secondary,L3,spec_type,L3,29.313470,76.907618,21.25,real,1,460,ok,
162,CHC NARAINA,Panipat,CHC,Secondary,L3,spec_type,L3,29.268766,76.951899,16.53,real,1,461,ok,
163,CHC KHOTPURA,Panipat,CHC,Secondary,L3,spec_type,L3,29.452167,77.009674,24.95,real,1,462,ok,
164,CHC MADLAUDA,Panipat,CHC,Secondary,L3,spec_type,,29.406555,76.814218,20.91,estimated,0,,ok,
165,CHC MEERPUR,Rewari,CHC,Secondary,L3,spec_type,L3,28.243412,76.692781,18.20,real,1,531,ok,
166,CHC KHOL,Rewari,CHC,Secondary,L3,spec_type,L3,28.212723,76.382043,13.40,real,1,532,ok,
167,CHC GURAWARA,Rewari,CHC,Secondary,L3,spec_type,L3,28.413876,76.763378,18.90,real,1,619,ok,
168,CHC NAHAR,Rewari,CHC,Secondary,L3,spec_type,L3,28.411578,76.401357,24.13,real,2,533,ok,
169,CHC BAWAL,Rewari,CHC,Secondary,L3,spec_type,L3,28.097686,76.589410,26.90,real,1,534,ok,
170,CHC SAMPLA,Rohtak,CHC,Secondary,L3,spec_type,,28.768622,76.766613,16.63,estimated,0,,ok,
171,CHC KILOI,Rohtak,CHC,Secondary,L3,spec_type,,28.919269,76.710079,18.15,estimated,0,,ok,
172,CHC KAHNAUR,Rohtak,CHC,Secondary,L3,spec_type,L3,28.758225,76.487845,16.20,real,1,632,ok,
173,CHC CHIRI,Rohtak,CHC,Secondary,L3,spec_type,,29.073724,76.556903,28.48,estimated,0,,ok,
174,CHC MADINA,Rohtak,CHC,Secondary,L3,spec_type,,28.941176,76.432124,17.53,estimated,0,,ok,
175,CHC LAKHANMAJRA,Rohtak,CHC,Secondary,L3,spec_type,L3,29.052535,76.474546,17.93,real,1,635,ok,
176,CHC  ODHAN,Sirsa,CHC,Secondary,L3,spec_type,,29.772231,74.938483,22.23,estimated,0,,ok,
177,CHC RANIA,Sirsa,CHC,Secondary,L3,spec_type,L3,29.528414,74.837231,25.18,real,1,542,ok,
178,CHC MADHOSINGHANA,Sirsa,CHC,Secondary,L3,spec_type,L3,29.427544,74.928807,21.65,real,1,543,ok,
179,CHC BARAGUDHA,Sirsa,CHC,Secondary,L3,spec_type,L3,29.699167,75.012396,5.45,real,2,544,ok,
180,CHC   NATHUSARI CHOPTA,Sirsa,CHC,Secondary,L3,spec_type,,29.372437,75.125971,7.13,estimated,0,,ok,
181,CHC KALANWALI,Sirsa,CHC,Secondary,L3,spec_type,L3,29.822150,74.965044,19.28,real,1,546,ok,
182,CHC GANAUR,Sonepat,CHC,Secondary,L3,spec_type,,29.130929,77.015738,13.71,estimated,0,,ok,
183,CHC PURKHAS,Sonepat,CHC,Secondary,L3,spec_type,,28.964863,76.998316,15.75,estimated,0,,ok,
184,CHC JUAN,Sonepat,CHC,Secondary,L3,spec_type,,29.062211,76.903104,15.76,estimated,0,,ok,
185,CHC BADKHALSA,Sonepat,CHC,Secondary,L3,spec_type,,28.912546,77.117277,16.69,estimated,0,,ok,
186,CHC MUNDLANA,Sonepat,CHC,Secondary,L3,spec_type,,29.196887,76.757711,4.43,estimated,0,,ok,
187,CHC FIROZPUR BANGAR,Sonepat,CHC,Secondary,L3,spec_type,,28.830003,76.982160,30.72,estimated,0,,ok,
188,CHC BHAINSWAL KALAN,Sonepat,CHC,Secondary,L3,spec_type,,29.029859,76.788809,35.53,estimated,0,,ok,
189,PHC NAHONI,Ambala,PHC,Primary,L3,spec_type,L3,30.435699,77.147736,15.30,real,1,8,ok,
190,PHC SAHA,Ambala,PHC,Primary,L3,spec_type,,30.330383,77.065563,12.45,estimated,0,,ok,
191,PHC SAMLEHRI,Ambala,PHC,Primary,L3,spec_type,L3,30.332382,76.947667,15.00,real,1,9,ok,
192,PHC BOH,Ambala,PHC,Primary,L3,spec_type,L3,30.380005,76.882679,22.40,real,1,10,ok,
193,PHC MAJARI,Ambala,PHC,Primary,L3,spec_type,L3,30.268383,76.777285,15.53,real,1,11,ok,
194,PHC NAGGAL,Ambala,PHC,Primary,L3,spec_type,L3,30.239544,76.709477,16.08,real,2,12,ok,
195,PHC NANEOLA,Ambala,PHC,Primary,L3,spec_type,L3,30.346209,76.752538,6.35,real,1,13,ok,
196,PHC NURPUR,Ambala,PHC,Primary,L3,spec_type,L3,30.241428,76.792480,9.43,real,1,14,ok,
197,PHC PANJOKHRA,Ambala,PHC,Primary,L3,spec_type,L3,30.407113,76.849787,8.98,real,1,15,ok,
198,PHC  BIHTA,Ambala,PHC,Primary,L3,spec_type,L3,30.271878,76.954172,15.60,real,1,16,ok,
199,PHC KESRI,Ambala,PHC,Primary,L3,spec_type,L3,30.232256,76.901854,7.58,real,1,17,ok,
200,PHC UGALA,Ambala,PHC,Primary,L3,spec_type,L3,30.208431,77.049765,14.25,real,1,18,ok,
201,PHC   KURALI,Ambala,PHC,Primary,L3,spec_type,,30.414451,77.082732,14.46,estimated,0,,ok,
202,PHC BHUREWALA,Ambala,PHC,Primary,L3,spec_type,L3,30.537690,77.086108,11.30,real,1,20,ok,
203,PHC CHANDSAULI,Ambala,PHC,Primary,L3,spec_type,L3,30.369617,77.080439,6.38,real,1,21,ok,
204,PHC DHANANA,Ambala,PHC,Primary,L3,spec_type,L3,30.445081,76.980704,4.08,real,1,22,ok,
205,PHC PATHREHRI,Ambala,PHC,Primary,L3,spec_type,L3,30.410337,77.029281,23.23,real,1,23,ok,
206,PHC BIRAN,Bhiwani,PHC,Primary,L3,spec_type,L3,28.829991,76.008756,15.98,real,1,986,ok,
207,PHC BUSAN,Bhiwani,PHC,Primary,L3,spec_type,L3,28.766914,75.770350,12.95,real,1,939,ok,
208,PHC SANDWA,Bhiwani,PHC,Primary,L3,spec_type,L3,28.754416,75.820105,16.90,real,1,940,ok,
209,PHC BAMLA,Bhiwani,PHC,Primary,L3,spec_type,L3,28.805214,76.251765,10.63,real,1,941,ok,
210,PHC KHARAK KALAN,Bhiwani,PHC,Primary,L3,spec_type,L3,28.831481,76.334903,11.83,estimated,0,942,ok,
211,PHC NANDGAON,Bhiwani,PHC,Primary,L3,spec_type,L3,28.678025,76.116556,14.05,real,1,943,ok,
212,PHC BEHAL,Bhiwani,PHC,Primary,L3,spec_type,L3,28.627308,75.623091,6.33,real,1,944,ok,
213,PHC DHIGAWA JATAN,Bhiwani,PHC,Primary,L3,spec_type,L3,28.577905,75.812957,12.53,real,1,945,ok,
214,PHC NAKIPUR,Bhiwani,PHC,Primary,L3,spec_type,L3,28.570635,75.735649,10.73,real,1,946,ok,
215,PHC SOHANSARA,Bhiwani,PHC,Primary,L3,spec_type,L3,28.411383,75.870023,17.70,real,2,947,ok,
216,PHC BARWA,Bhiwani,PHC,Primary,L3,spec_type,L3,30.557489,76.937000,9.95,real,1,948,ok,
217,PHC GURERA,Bhiwani,PHC,Primary,L3,spec_type,L3,28.919784,75.513427,5.65,real,1,949,ok,
218,PHC JHUMPA KALAN,Bhiwani,PHC,Primary,L3,spec_type,L3,28.432861,75.808537,13.50,real,3,950,ok,
219,PHC LILAS,Bhiwani,PHC,Primary,L3,spec_type,L3,28.849988,75.534191,0.28,real,1,951,ok,
220,PHC CHANG,Bhiwani,PHC,Primary,L3,spec_type,,28.878270,76.246540,13.90,estimated,0,,ok,
221,PHC SUI,Bhiwani,PHC,Primary,L3,spec_type,L3,28.862488,76.061715,9.63,real,1,953,ok,
222,PHC TALU,Bhiwani,PHC,Primary,L3,spec_type,L3,28.978194,76.145567,10.83,real,1,954,ok,
223,PHC DHANIMAHU,Bhiwani,PHC,Primary,L3,spec_type,L3,28.766078,75.963620,10.85,real,1,955,ok,
224,PHC DINOD,Bhiwani,PHC,Primary,L3,spec_type,L3,28.797910,76.052264,12.55,real,1,956,ok,
225,PHC JUI KALAN,Bhiwani,PHC,Primary,L3,spec_type,L3,28.642415,75.959251,16.90,real,1,957,ok,
226,PHC ALAKHPURA,Bhiwani,PHC,Primary,L3,spec_type,L3,29.015487,76.048455,7.38,real,2,958,ok,
227,PHC PUR,Bhiwani,PHC,Primary,L3,spec_type,L3,28.950470,76.104354,5.20,real,1,959,ok,
228,PHC BADHRA,Charkhi Dadri,PHC,Primary,L3,spec_type,,28.509353,75.944275,20.65,estimated,0,,ok,
229,PHC CHHAPAR,Charkhi Dadri,PHC,Primary,L3,spec_type,,28.656619,76.229445,13.84,estimated,0,,ok,
230,PHC HARODI,Charkhi Dadri,PHC,Primary,L3,spec_type,,28.569656,76.039130,10.57,estimated,0,,ok,
231,PHC KADMA,Charkhi Dadri,PHC,Primary,L3,spec_type,,28.591366,76.251217,11.27,estimated,0,,ok,
232,PHC ACHINA,Charkhi Dadri,PHC,Primary,L3,spec_type,,28.670420,76.372745,4.79,estimated,0,,ok,
233,PHC IMLOTA,Charkhi Dadri,PHC,Primary,L3,spec_type,,28.614874,76.446840,13.66,estimated,0,,ok,
234,PHC RANILA,Charkhi Dadri,PHC,Primary,L3,spec_type,,28.715421,76.352821,20.70,estimated,0,,ok,
235,PHC SANWAR,Charkhi Dadri,PHC,Primary,L3,spec_type,,28.706114,76.290652,1.08,estimated,0,,ok,
236,PHC BALKARA,Charkhi Dadri,PHC,Primary,L3,spec_type,,28.539280,76.292620,10.45,estimated,0,,ok,
237,PHC MAI KALAN,Charkhi Dadri,PHC,Primary,L3,spec_type,,28.457727,76.109476,20.98,estimated,0,,ok,
238,PHC MANKAWAS,Charkhi Dadri,PHC,Primary,L3,spec_type,,28.621032,76.183995,0.85,estimated,0,,ok,
239,PHC SANTOKHPURA,Charkhi Dadri,PHC,Primary,L3,spec_type,,28.510018,76.298644,3.15,estimated,0,,ok,
240,PHC ANANDPUR,Faridabad,PHC,Primary,L3,spec_type,L3,28.021313,76.541141,9.05,real,1,696,ok,
241,PHC DHOJ,Faridabad,PHC,Primary,L3,spec_type,L3,28.685474,76.626349,11.03,real,1,689,ok,
242,PHC FATEHPUR TEGGA,Faridabad,PHC,Primary,L3,spec_type,,28.344214,77.193121,21.82,estimated,0,,ok,
243,PHC PALLA,Faridabad,PHC,Primary,L3,spec_type,L3,28.472310,77.320241,5.83,real,1,691,ok,
244,PHC FATEHPUR BILLOCH,Faridabad,PHC,Primary,L3,spec_type,L3,28.256173,77.371961,8.23,real,1,692,ok,
245,PHC MOHNA,Faridabad,PHC,Primary,L3,spec_type,L3,28.222197,77.441493,22.48,real,1,693,ok,
246,PHC PANHERA KHURD,Faridabad,PHC,Primary,L3,spec_type,L3,28.264408,77.400178,8.50,real,1,694,ok,
247,PHC SIKRI,Faridabad,PHC,Primary,L3,spec_type,L3,28.279787,77.288303,9.15,real,1,695,ok,
248,PHC AHERWAN,Fatehabad,PHC,Primary,L3,spec_type,L3,29.605479,75.549823,15.20,real,3,779,ok,
249,PHC BHIRDANA,Fatehabad,PHC,Primary,L3,spec_type,L3,29.543583,75.549604,12.90,real,1,780,ok,
250,PHC HASSINGA,Fatehabad,PHC,Primary,L3,spec_type,L3,29.595815,75.614251,11.85,real,2,781,ok,
251,PHC MEHMARA,Fatehabad,PHC,Primary,L3,spec_type,L3,29.734136,75.648075,4.68,real,1,782,ok,
252,PHC NAGPUR,Fatehabad,PHC,Primary,L3,spec_type,L3,29.656605,75.430471,15.20,real,1,783,ok,
253,PHC INDACHHOI,Fatehabad,PHC,Primary,L3,spec_type,L3,29.665327,75.741932,44.73,real,1,784,ok,
254,PHC JHALANIA,Fatehabad,PHC,Primary,L3,spec_type,,29.510545,75.555778,20.54,estimated,0,,ok,
255,PHC NEHLA,Fatehabad,PHC,Primary,L3,spec_type,,29.436433,75.736913,4.41,estimated,0,,ok,
256,PHC PIRTHLA,Fatehabad,PHC,Primary,L3,spec_type,,29.600434,75.858724,11.31,estimated,0,,ok,
257,PHC  KULLAN,Fatehabad,PHC,Primary,L3,spec_type,L3,29.660927,75.725687,12.68,real,1,988,ok,
258,PHC  MAMUPUR,Fatehabad,PHC,Primary,L3,spec_type,L3,29.747008,75.830343,11.23,real,1,789,ok,
259,PHC  MEYOND KALAN,Fatehabad,PHC,Primary,L3,spec_type,L3,29.750738,75.776482,2.18,real,1,790,ok,
260,PHC SAMIAN,Fatehabad,PHC,Primary,L3,spec_type,,29.618646,75.937693,25.06,estimated,0,,ok,
261,PHC BANGAON,Fatehabad,PHC,Primary,L3,spec_type,,29.456070,75.422190,13.87,estimated,0,,ok,
262,PHC KHABRAKALAN,Fatehabad,PHC,Primary,L3,spec_type,L3,29.345293,75.382519,2.33,real,1,793,ok,
263,PHC KHAIRATI KHERA,Fatehabad,PHC,Primary,L3,spec_type,L3,29.497944,75.366818,4.15,real,2,794,ok,
264,PHC PILIMANDORI,Fatehabad,PHC,Primary,L3,spec_type,L3,29.392211,75.256366,27.25,real,1,795,ok,
265,PHC BIGHAR,Fatehabad,PHC,Primary,L3,spec_type,L3,29.451895,75.464801,16.18,real,2,796,ok,
266,PHC HIJRAWANKALAN,Fatehabad,PHC,Primary,L3,spec_type,L3,29.619711,75.352637,4.95,real,1,797,ok,
267,PHC MP ROHI,Fatehabad,PHC,Primary,L3,spec_type,L3,29.474409,75.590216,13.73,real,1,798,ok,
268,PHC DAULATABAD,Gurugram,PHC,Primary,L3,spec_type,L3,28.492485,76.995974,22.23,real,1,65,ok,
269,PHC GARHI HARSARU,Gurugram,PHC,Primary,L3,spec_type,,28.447079,76.943459,16.43,estimated,0,,ok,
270,PHC GURGAON VILLAGE,Gurugram,PHC,Primary,L3,spec_type,,28.477045,77.026555,8.52,estimated,0,,ok,
271,PHC HAZIPUR,Gurugram,PHC,Primary,L3,spec_type,L3,28.203047,77.150807,2.68,real,1,67,ok,
272,PHC WAZIRABAD,Gurugram,PHC,Primary,L3,spec_type,L3,28.432281,77.088543,3.73,estimated,0,68,ok,
273,PHC MANDPURA,Gurugram,PHC,Primary,L3,spec_type,L3,28.334052,76.737578,24.45,real,1,69,ok,
274,PHC BADSHAPUR,Gurugram,PHC,Primary,L3,spec_type,,28.391570,77.051905,9.61,estimated,0,,ok,
275,PHC BHONDSI,Gurugram,PHC,Primary,L3,spec_type,,28.351591,77.065423,10.11,estimated,0,,ok,
276,PHC PALRA,Gurugram,PHC,Primary,L3,spec_type,L3,28.377121,77.024123,0.73,real,1,72,ok,
277,PHC BHANGROLA,Gurugram,PHC,Primary,L3,spec_type,,28.392964,76.907075,2.83,estimated,0,,ok,
278,PHC KASAN,Gurugram,PHC,Primary,L3,spec_type,,28.358548,76.906745,24.03,estimated,0,,ok,
279,PHC NAKHROLA,Gurugram,PHC,Primary,L3,spec_type,L3,28.381278,76.955770,9.40,real,1,74,ok,
280,PHC KAIMARI,Hissar,PHC,Primary,L3,spec_type,L3,29.083619,75.724052,24.95,real,2,113,ok,
281,PHC LADWA,Hissar,PHC,Primary,L3,spec_type,L3,29.070155,75.798115,7.18,real,1,114,ok,
282,PHC NALWA,Hissar,PHC,Primary,L3,spec_type,L3,28.947430,75.825438,25.45,real,1,115,ok,
283,PHC TALWANDI RUKKA,Hissar,PHC,Primary,L3,spec_type,L3,28.947794,75.712053,6.18,real,1,116,ok,
284,PHC BALSAMAND,Hissar,PHC,Primary,L3,spec_type,L3,29.078513,75.487874,13.75,real,1,127,ok,
285,PHC CHOUDHARYWAS,Hissar,PHC,Primary,L3,spec_type,L3,29.016516,75.579151,22.63,real,1,117,ok,
286,PHC GAWAR,Hissar,PHC,Primary,L3,spec_type,L3,28.982465,75.558366,16.68,real,1,126,ok,
287,PHC SATROAD KALAN,Hissar,PHC,Primary,L3,spec_type,L3,29.112150,75.793181,4.10,real,3,118,ok,
288,PHC   PABRA,Hissar,PHC,Primary,L3,spec_type,,29.412035,75.792615,3.30,estimated,0,,ok,
289,PHC BHANBHORI,Hissar,PHC,Primary,L3,spec_type,L3,29.407722,76.044006,12.68,real,4,119,ok,
290,PHC DAULATPUR,Hissar,PHC,Primary,L3,spec_type,L3,29.441530,75.861888,8.13,real,2,120,ok,
291,PHC HASANGARH,Hissar,PHC,Primary,L3,spec_type,L3,28.833753,76.844889,3.55,real,1,121,ok,
292,PHC AGROHA,Hissar,PHC,Primary,L3,spec_type,L3,29.332348,75.629451,16.25,real,1,122,ok,
293,PHC BICHPARI,Hissar,PHC,Primary,L3,spec_type,L3,29.223010,75.780661,5.35,real,1,123,ok,
294,PHC DHANSU,Hissar,PHC,Primary,L3,spec_type,L3,29.216483,75.801048,9.28,real,1,124,ok,
295,PHC LANDHRI,Hissar,PHC,Primary,L3,spec_type,L3,29.301063,75.656358,21.83,real,1,111,ok,
296,PHC DATTA,Hissar,PHC,Primary,L3,spec_type,L3,29.260758,75.996420,14.13,real,1,128,ok,
297,PHC GURANA,Hissar,PHC,Primary,L3,spec_type,L3,29.304243,75.954438,16.55,real,1,129,ok,
298,PHC SINDHAR,Hissar,PHC,Primary,L3,spec_type,L3,29.262869,75.928872,8.83,real,2,140,ok,
299,PHC PUTHI MANGAL KAHAN,Hissar,PHC,Primary,L3,spec_type,L3,29.030457,75.944449,5.68,real,1,139,ok,
300,PHC UMRA,Hissar,PHC,Primary,L3,spec_type,L3,29.019967,75.894917,13.20,real,1,130,ok,
301,PHC KHERI LACHAB,Hissar,PHC,Primary,L3,spec_type,L3,29.337483,76.094302,8.00,real,1,131,ok,
302,PHC CHULI BAGRIAN,Hissar,PHC,Primary,L3,spec_type,L3,29.290656,75.385816,3.40,real,2,132,ok,
303,PHC DOBHI,Hissar,PHC,Primary,L3,spec_type,L3,29.132266,75.509073,6.80,real,1,133,ok,
304,PHC KAJLAN,Hissar,PHC,Primary,L3,spec_type,L3,29.236823,75.616365,19.18,real,1,134,ok,
305,PHC NEOLI KALAN,Hissar,PHC,Primary,L3,spec_type,L3,29.188220,75.629910,13.83,real,2,135,ok,
306,PHC BASS,Hissar,PHC,Primary,L3,spec_type,L3,29.114642,76.156291,11.90,real,1,136,ok,
307,PHC PUTHI SAMIN,Hissar,PHC,Primary,L3,spec_type,L3,29.080038,76.267742,6.90,real,2,137,ok,
308,PHC THURANA,Hissar,PHC,Primary,L3,spec_type,L3,29.130734,76.130120,18.65,real,1,138,ok,
309,PHC KHADRI,Jagadhari,PHC,Primary,L3,spec_type,L3,29.480972,75.775013,13.15,real,1,183,ok,
310,PHC KHARWAN,Jagadhari,PHC,Primary,L3,spec_type,,30.198783,77.357311,2.71,estimated,0,,ok,
311,PHC HAIBATPUR,Jagadhari,PHC,Primary,L3,spec_type,L3,30.302310,77.278213,16.35,real,1,185,ok,
312,PHC MUGALWALI,Jagadhari,PHC,Primary,L3,spec_type,L3,30.400997,77.329019,3.20,real,1,186,ok,
313,PHC RANJITPUR,Jagadhari,PHC,Primary,L3,spec_type,,30.397689,77.339049,23.06,estimated,0,,ok,
314,PHC ALAHAR,Jagadhari,PHC,Primary,L3,spec_type,L3,30.034690,77.209298,5.80,real,1,187,ok,
315,PHC ANTAWA,Jagadhari,PHC,Primary,L3,spec_type,L3,30.034016,77.143869,3.03,real,1,188,ok,
316,PHC MOHRI,Jagadhari,PHC,Primary,L3,spec_type,,30.269057,76.773829,7.99,estimated,0,,ok,
317,PHC BURIA,Jagadhari,PHC,Primary,L3,spec_type,L3,30.157256,77.357231,14.61,estimated,0,189,ok,
318,PHC KALANAUR,Jagadhari,PHC,Primary,L3,spec_type,L3,30.083109,77.336404,15.55,real,1,190,ok,
319,PHC SABAPUR,Jagadhari,PHC,Primary,L3,spec_type,L3,30.113865,77.367074,8.33,real,1,191,ok,
320,PHC KOT,Jagadhari,PHC,Primary,L3,spec_type,L3,30.623880,76.945860,12.25,real,1,192,ok,
321,PHC RASULPUR,Jagadhari,PHC,Primary,L3,spec_type,L3,30.445553,77.216002,8.63,real,1,193,ok,
322,PHC ARNAULI,Jagadhari,PHC,Primary,L3,spec_type,L3,30.223709,77.285897,1.88,real,1,194,ok,
323,PHC BHAMBHOL,Jagadhari,PHC,Primary,L3,spec_type,L3,30.181613,77.217786,10.38,real,1,195,ok,
324,PHC CHHUHHAKWAS,Jhajjar,PHC,Primary,L3,spec_type,L3,28.605422,76.516673,12.83,estimated,0,202,ok,
325,PHC JAHAZGARH,Jhajjar,PHC,Primary,L3,spec_type,L3,28.639112,76.562334,5.00,estimated,0,203,ok,
326,PHC MAJRA,Jhajjar,PHC,Primary,L3,spec_type,L3,28.163083,76.686134,2.38,estimated,0,204,ok,
327,PHC BADSA,Jhajjar,PHC,Primary,L3,spec_type,,28.509972,76.875272,4.07,estimated,0,,ok,
328,PHC CHHUDANI,Jhajjar,PHC,Primary,L3,spec_type,L3,28.659090,76.754165,8.59,estimated,0,206,ok,
329,PHC JAHANGIRPUR,Jhajjar,PHC,Primary,L3,spec_type,L3,28.585664,76.751916,25.47,estimated,0,901,ok,
330,PHC MACHROLI,Jhajjar,PHC,Primary,L3,spec_type,L3,28.476958,76.652891,3.70,real,1,900,ok,
331,PHC PATODA,Jhajjar,PHC,Primary,L3,spec_type,L3,28.410229,76.673654,9.53,real,1,207,ok,
332,PHC SILANI,Jhajjar,PHC,Primary,L3,spec_type,,28.934635,76.848683,19.51,estimated,0,,ok,
333,PHC TUMBAHERI,Jhajjar,PHC,Primary,L3,spec_type,,28.414578,76.541296,6.82,estimated,0,,ok,
334,PHC BARHANA,Jhajjar,PHC,Primary,L3,spec_type,L3,28.761096,76.676483,19.00,estimated,0,209,ok,
335,PHC BHAMBEVA,Jhajjar,PHC,Primary,L3,spec_type,L3,28.828689,76.646663,5.70,real,1,214,ok,
336,PHC DUJANA,Jhajjar,PHC,Primary,L3,spec_type,,28.685530,76.625941,12.07,estimated,0,,ok,
337,PHC   SALHAWAS,Jhajjar,PHC,Primary,L3,spec_type,,28.445806,76.469373,24.65,estimated,0,,ok,
338,PHC  BAHU JHOLARI,Jhajjar,PHC,Primary,L3,spec_type,L3,28.460438,76.324536,13.05,real,1,211,ok,
339,PHC  BIROHAR,Jhajjar,PHC,Primary,L3,spec_type,,28.583776,76.378891,12.30,estimated,0,,ok,
340,PHC JASSOURKHERI,Jhajjar,PHC,Primary,L3,spec_type,L3,28.787009,76.860276,11.15,real,2,212,ok,
341,PHC KANNODA,Jhajjar,PHC,Primary,L3,spec_type,L3,28.768202,76.924898,6.58,real,1,902,ok,
342,PHC MANDOTHI,Jhajjar,PHC,Primary,L3,spec_type,,28.710773,76.811457,19.83,estimated,0,,ok,
343,PHC NUNA MAJRA,Jhajjar,PHC,Primary,L3,spec_type,L3,28.675375,76.864878,4.80,real,1,213,ok,
344,PHC   KARSINDHU,Jind,PHC,Primary,L3,spec_type,,29.500680,76.224436,14.01,estimated,0,,ok,
345,PHC  CHATTAR,Jind,PHC,Primary,L3,spec_type,L3,29.515350,76.311553,10.65,real,1,232,ok,
346,PHC  DHMERKHA KALAN,Jind,PHC,Primary,L3,spec_type,L3,29.558991,76.152210,5.38,real,1,233,ok,
347,PHC  DURJANPUR,Jind,PHC,Primary,L3,spec_type,L3,29.040861,76.002165,13.63,real,1,234,ok,
348,PHC  SINSAR,Jind,PHC,Primary,L3,spec_type,L3,29.601042,76.205859,11.73,real,1,235,ok,
349,PHC UCHANA KHURD,Jind,PHC,Primary,L3,spec_type,L3,29.469491,76.124964,2.18,real,1,236,ok,
350,PHC  KINANA,Jind,PHC,Primary,L3,spec_type,L3,29.236338,76.346661,4.78,real,1,237,ok,
351,PHC  LAJWANA KALAN,Jind,PHC,Primary,L3,spec_type,L3,29.149537,76.469866,4.53,real,1,238,ok,
352,PHC  NINDANA,Jind,PHC,Primary,L3,spec_type,L3,29.006790,76.363738,3.45,real,1,239,ok,
353,PHC  SHAMLO KALAN,Jind,PHC,Primary,L3,spec_type,,29.213084,76.393003,8.60,estimated,0,,ok,
354,PHC JAI JAIWANTI,Jind,PHC,Primary,L3,spec_type,L3,29.169334,76.503413,11.65,real,1,241,ok,
355,PHC   SIWANAMAL,Jind,PHC,Primary,L3,spec_type,,29.257441,76.574166,15.11,estimated,0,,ok,
356,PHC RAJANA KALAN,Jind,PHC,Primary,L3,spec_type,L3,29.405021,76.623006,11.45,real,1,243,ok,
357,PHC AMARGARH,Jind,PHC,Primary,L3,spec_type,L3,29.618467,76.001137,5.10,real,1,244,ok,
358,PHC DANODA KALAN,Jind,PHC,Primary,L3,spec_type,L3,29.530924,76.019697,5.95,real,1,245,ok,
359,PHC DHAMTAN SAHIB,Jind,PHC,Primary,L3,spec_type,L3,29.698545,76.014642,13.63,real,1,246,ok,
360,PHC DHANOURI,Jind,PHC,Primary,L3,spec_type,L3,29.773759,76.178145,15.93,real,1,247,ok,
361,PHC KARAMGARH,Jind,PHC,Primary,L3,spec_type,L3,29.633467,76.040758,10.20,real,1,248,ok,
362,PHC DARIYAWALA,Jind,PHC,Primary,L3,spec_type,L3,29.350282,76.238123,2.53,real,1,249,ok,
363,PHC RAMRAI,Jind,PHC,Primary,L3,spec_type,L3,29.279343,76.236378,10.00,real,1,250,ok,
364,PHC DAULHA,Jind,PHC,Primary,L3,spec_type,L3,28.253088,77.102564,10.20,real,1,251,ok,
365,PHC GHOGRIAN,Jind,PHC,Primary,L3,spec_type,L3,29.459278,76.284994,7.03,real,2,976,ok,
366,PHC HATT,Jind,PHC,Primary,L3,spec_type,L3,29.404512,76.662358,11.75,real,1,252,ok,
367,PHC DHARTHRAT,Jind,PHC,Primary,L3,spec_type,L3,29.381639,76.452006,9.53,real,1,253,ok,
368,PHC NAGURA,Jind,PHC,Primary,L3,spec_type,,29.436959,76.369658,10.71,estimated,0,,ok,
369,PHC BADSIKRI,Kaithal,PHC,Primary,L3,spec_type,,29.613969,76.315579,6.10,estimated,0,,ok,
370,PHC BALU,Kaithal,PHC,Primary,L3,spec_type,L3,29.661619,76.392668,5.60,real,1,719,ok,
371,PHC BATTA,Kaithal,PHC,Primary,L3,spec_type,L3,29.705170,76.323305,12.60,real,1,879,ok,
372,PHC DEOBAN,Kaithal,PHC,Primary,L3,spec_type,L3,29.688181,76.414212,25.00,real,2,721,ok,
373,PHC SAJUMA,Kaithal,PHC,Primary,L3,spec_type,L3,29.732993,76.271016,8.40,real,1,722,ok,
374,PHC AGONDH,Kaithal,PHC,Primary,L3,spec_type,L3,29.995101,76.252782,16.73,real,1,723,ok,
375,PHC ARNOLI,Kaithal,PHC,Primary,L3,spec_type,L3,30.174751,76.416109,4.63,real,1,724,ok,
376,PHC BHAGAL,Kaithal,PHC,Primary,L3,spec_type,L3,30.064578,76.417750,15.15,real,1,725,ok,
377,PHC KANGTHALI,Kaithal,PHC,Primary,L3,spec_type,L3,29.955081,76.355902,21.08,real,1,726,ok,
378,PHC KHARAKAN,Kaithal,PHC,Primary,L3,spec_type,L3,28.823215,76.307104,11.68,real,1,727,ok,
379,PHC DHAND,Kaithal,PHC,Primary,L3,spec_type,L3,29.389223,75.458554,12.98,real,1,270,ok,
380,PHC PHARAL,Kaithal,PHC,Primary,L3,spec_type,L3,29.838593,76.590767,3.93,real,1,278,ok,
381,PHC RASINA,Kaithal,PHC,Primary,L3,spec_type,L3,29.758274,76.676226,21.05,real,1,271,ok,
382,PHC TEEK,Kaithal,PHC,Primary,L3,spec_type,L3,29.845567,76.519549,19.20,real,1,272,ok,
383,PHC KEORAK,Kaithal,PHC,Primary,L3,spec_type,L3,29.871882,76.473475,16.30,real,1,728,ok,
384,PHC PADLA,Kaithal,PHC,Primary,L3,spec_type,L3,29.799083,76.285240,7.90,real,1,729,ok,
385,PHC JAKHOLI,Kaithal,PHC,Primary,L3,spec_type,L3,29.776595,76.406546,17.80,real,1,273,ok,
386,PHC KARORA,Kaithal,PHC,Primary,L3,spec_type,L3,29.656459,76.541737,15.23,real,1,274,ok,
387,PHC KITHANA,Kaithal,PHC,Primary,L3,spec_type,L3,29.546718,76.388751,4.35,real,1,275,ok,
388,PHC HABRI,Kaithal,PHC,Primary,L3,spec_type,L3,29.701080,76.631343,15.80,real,1,276,ok,
389,PHC MUNDRI,Kaithal,PHC,Primary,L3,spec_type,L3,29.784995,76.502159,38.65,real,1,277,ok,
390,PHC PAI,Kaithal,PHC,Primary,L3,spec_type,L3,29.699105,76.524919,19.15,real,1,730,ok,
391,PHC JALMANA,Karnal,PHC,Primary,L3,spec_type,,29.589821,76.705938,24.04,estimated,0,,ok,
392,PHC POPRA,Karnal,PHC,Primary,L3,spec_type,,29.446917,76.496532,18.29,estimated,0,,ok,
393,PHC UPLANA,Karnal,PHC,Primary,L3,spec_type,,29.592371,76.666313,15.59,estimated,0,,ok,
394,PHC BARSAT,Karnal,PHC,Primary,L3,spec_type,L3,29.504238,77.049120,19.80,real,1,292,ok,
395,PHC CHOURA,Karnal,PHC,Primary,L3,spec_type,L3,29.558854,77.039000,26.78,real,2,293,ok,
396,PHC GAGSINA,Karnal,PHC,Primary,L3,spec_type,L3,29.554420,76.878048,28.53,real,1,294,ok,
397,PHC GUDHA,Karnal,PHC,Primary,L3,spec_type,,29.504209,76.947367,19.04,estimated,0,,ok,
398,PHC KUTAIL,Karnal,PHC,Primary,L3,spec_type,L3,29.595668,77.010055,19.80,real,1,295,ok,
399,PHC BHADSON,Karnal,PHC,Primary,L3,spec_type,,29.917869,76.960948,10.55,estimated,0,,ok,
400,PHC BIANA,Karnal,PHC,Primary,L3,spec_type,,29.835439,77.116542,20.90,estimated,0,,ok,
401,PHC KACHHWA,Karnal,PHC,Primary,L3,spec_type,L3,29.732110,76.893713,18.23,real,2,299,ok,
402,PHC KHUKHNI,Karnal,PHC,Primary,L3,spec_type,L3,29.957574,77.177593,22.98,real,1,297,ok,
403,PHC RAMBA,Karnal,PHC,Primary,L3,spec_type,L3,29.794145,76.986986,4.70,real,1,300,ok,
404,PHC SAGGA,Karnal,PHC,Primary,L3,spec_type,L3,29.757465,76.845022,15.73,real,1,298,ok,
405,PHC BAROTA,Karnal,PHC,Primary,L3,spec_type,L3,29.620174,76.934504,16.83,real,1,301,ok,
406,PHC GULLARPUR SEORI,Karnal,PHC,Primary,L3,spec_type,,29.645425,76.773208,14.93,estimated,0,,ok,
407,PHC JUNDLA,Karnal,PHC,Primary,L3,spec_type,L3,29.651636,76.869627,14.35,real,1,302,ok,
408,PHC MUNAK,Karnal,PHC,Primary,L3,spec_type,,29.521178,76.847797,22.95,estimated,0,,ok,
409,PHC SALWAN,Karnal,PHC,Primary,L3,spec_type,L3,29.512320,76.721310,21.80,real,1,303,ok,
410,PHC PADHANA,Karnal,PHC,Primary,L3,spec_type,L3,29.575083,76.779371,11.53,real,1,618,ok,
411,PHC SAMANA BHAU,Karnal,PHC,Primary,L3,spec_type,,29.902660,76.916615,16.54,estimated,0,,ok,
412,PHC GHEER,Karnal,PHC,Primary,L3,spec_type,L3,29.778597,77.113963,11.98,real,1,304,ok,
413,PHC MADHUBAN,Karnal,PHC,Primary,L3,spec_type,L3,29.603053,76.976717,24.08,real,1,305,ok,
414,PHC AMIN,Kurukshetra,PHC,Primary,L3,spec_type,L3,29.912180,76.865366,14.50,real,1,358,ok,
415,PHC DHURALA,Kurukshetra,PHC,Primary,L3,spec_type,L3,30.031486,76.809818,15.15,real,1,359,ok,
416,PHC KIRMACH,Kurukshetra,PHC,Primary,L3,spec_type,L3,29.900140,76.783979,13.13,real,1,360,ok,
417,PHC DEEG,Kurukshetra,PHC,Primary,L3,spec_type,L3,30.135686,76.911805,15.58,real,1,361,ok,
418,PHC TATKA,Kurukshetra,PHC,Primary,L3,spec_type,L3,30.041229,76.953352,1.40,real,1,362,ok,
419,PHC ISMAILABAD,Kurukshetra,PHC,Primary,L3,spec_type,L3,30.116313,76.666518,10.88,real,1,363,ok,
420,PHC KALSANA,Kurukshetra,PHC,Primary,L3,spec_type,L3,30.156949,76.816902,16.40,real,1,364,ok,
421,PHC THOL,Kurukshetra,PHC,Primary,L3,spec_type,L3,30.164130,76.709258,20.40,real,1,365,ok,
422,PHC GUDHA,Kurukshetra,PHC,Primary,L3,spec_type,L3,30.074590,77.050431,6.03,real,1,366,ok,
423,PHC RAMGARH ROR,Kurukshetra,PHC,Primary,L3,spec_type,L3,29.996318,76.460989,10.78,real,1,367,ok,
424,PHC SAINA SAIDA,Kurukshetra,PHC,Primary,L3,spec_type,L3,30.014376,76.548699,15.45,real,2,368,ok,
425,PHC SARSA,Kurukshetra,PHC,Primary,L3,spec_type,,29.956656,76.664213,15.74,estimated,0,,ok,
426,PHC THASKA MIRA JI,Kurukshetra,PHC,Primary,L3,spec_type,L3,30.114743,76.693875,8.53,real,1,369,ok,
427,PHC KHANPUR KOLIAN,Kurukshetra,PHC,Primary,L3,spec_type,L3,30.035508,76.883285,10.83,real,1,370,ok,
428,PHC PIPLI,Kurukshetra,PHC,Primary,L3,spec_type,L3,29.977556,76.898673,2.40,real,1,371,ok,
429,PHC AGON,Mewat,PHC,Primary,L3,spec_type,,27.728547,76.962259,20.13,estimated,0,,ok,
430,PHC BIWAN,Mewat,PHC,Primary,L3,spec_type,L3,28.142347,76.989172,9.58,real,1,420,ok,
431,PHC MARORA,Mewat,PHC,Primary,L3,spec_type,L3,27.910666,77.058644,14.00,real,1,421,ok,
432,PHC NAGINA,Mewat,PHC,Primary,L3,spec_type,L3,27.914355,76.984449,4.80,real,4,422,ok,
433,PHC BAI,Mewat,PHC,Primary,L3,spec_type,L3,30.078170,76.990487,0.28,real,1,423,ok,
434,PHC GHASERA,Mewat,PHC,Primary,L3,spec_type,L3,28.118146,77.079749,5.18,real,1,424,ok,
435,PHC KALIYAKI,Mewat,PHC,Primary,L3,spec_type,L3,28.199065,77.149971,6.35,real,2,425,ok,
436,PHC SUDAKA,Mewat,PHC,Primary,L3,spec_type,L3,28.076009,77.096387,14.43,real,1,426,ok,
437,PHC UJINA,Mewat,PHC,Primary,L3,spec_type,L3,28.044783,77.083127,2.58,estimated,0,427,ok,
438,PHC BICHHOR,Mewat,PHC,Primary,L3,spec_type,L3,27.847326,77.306071,25.20,real,1,428,ok,
439,PHC BISRU,Mewat,PHC,Primary,L3,spec_type,L3,27.916817,77.204055,2.63,real,1,429,ok,
440,PHC JAMAL GARH,Mewat,PHC,Primary,L3,spec_type,L3,27.820111,77.152366,17.68,real,1,430,ok,
441,PHC SIKRAWA,Mewat,PHC,Primary,L3,spec_type,L3,27.949374,77.154663,9.80,real,1,431,ok,
442,PHC SINGAR,Mewat,PHC,Primary,L3,spec_type,L3,27.866562,77.243828,17.63,real,2,432,ok,
443,PHC TIGAON,Mewat,PHC,Primary,L3,spec_type,L3,28.356532,77.394097,27.98,real,1,433,ok,
444,PHC JAURASI,Mewat,PHC,Primary,L3,spec_type,L3,28.236673,76.910510,11.85,real,1,434,ok,
445,PHC MP AHIR,Mewat,PHC,Primary,L3,spec_type,L3,28.276794,76.969065,18.40,real,1,435,ok,
446,PHC PADHENI,Mewat,PHC,Primary,L3,spec_type,L3,28.231807,76.977140,12.68,real,3,436,ok,
447,PHC MADHOGARH,Narnaul,PHC,Primary,L3,spec_type,,28.308491,76.035576,22.30,estimated,0,,ok,
448,PHC PALI,Narnaul,PHC,Primary,L3,spec_type,,28.337734,76.131011,27.76,estimated,0,,ok,
449,PHC MALRA BASS,Narnaul,PHC,Primary,L3,spec_type,,28.344897,76.172172,27.52,estimated,0,,ok,
450,PHC ANTRI,Narnaul,PHC,Primary,L3,spec_type,,27.918394,76.158708,7.94,estimated,0,,ok,
451,PHC BAMANWAS,Narnaul,PHC,Primary,L3,spec_type,,27.938546,75.947846,19.66,estimated,0,,ok,
452,PHC BAYAL,Narnaul,PHC,Primary,L3,spec_type,,27.863394,75.983032,12.31,estimated,0,,ok,
453,PHC BUDHWAL,Narnaul,PHC,Primary,L3,spec_type,,27.816517,76.163175,6.75,estimated,0,,ok,
454,PHC MANDHANA,Narnaul,PHC,Primary,L3,spec_type,,28.012400,76.161211,17.29,estimated,0,,ok,
455,PHC SIROHI BAHALI,Narnaul,PHC,Primary,L3,spec_type,,27.926284,76.131472,19.43,estimated,0,,ok,
456,PHC BHOJAWAS,Narnaul,PHC,Primary,L3,spec_type,,28.234385,76.296006,10.81,estimated,0,,ok,
457,PHC DONGRA AHIR,Narnaul,PHC,Primary,L3,spec_type,,28.194867,76.210056,22.03,estimated,0,,ok,
458,PHC MUNDIA KHERA,Narnaul,PHC,Primary,L3,spec_type,,28.194478,76.232690,16.12,estimated,0,,ok,
459,PHC DHANUNDA,Narnaul,PHC,Primary,L3,spec_type,,28.351185,76.253850,15.59,estimated,0,,ok,
460,PHC BALAHA KALAN,Narnaul,PHC,Primary,L3,spec_type,,28.099472,75.976868,20.09,estimated,0,,ok,
461,PHC BIGOPUR,Narnaul,PHC,Primary,L3,spec_type,,27.940822,76.061538,8.12,estimated,0,,ok,
462,PHC CHHILRO,Narnaul,PHC,Primary,L3,spec_type,,27.971612,76.008217,4.98,estimated,0,,ok,
463,PHC RAMPURA,Narnaul,PHC,Primary,L3,spec_type,,28.133526,76.125469,11.04,estimated,0,,ok,
464,PHC BACHHOD,Narnaul,PHC,Primary,L3,spec_type,,28.097269,76.193186,11.83,estimated,0,,ok,
465,PHC KANTI,Narnaul,PHC,Primary,L3,spec_type,,28.048444,76.309562,3.98,estimated,0,,ok,
466,PHC SIHMA,Narnaul,PHC,Primary,L3,spec_type,,28.150385,76.161797,11.76,estimated,0,,ok,
467,PHC DEEGHOT,Palwal,PHC,Primary,L3,spec_type,L3,28.034995,77.369158,5.85,real,1,1219,ok,
468,PHC BHIDUKI,Palwal,PHC,Primary,L3,spec_type,,27.919436,77.449415,15.97,estimated,0,,ok,
469,PHC BHULWANA,Palwal,PHC,Primary,L3,spec_type,L3,27.879160,77.387844,6.60,real,1,1209,ok,
470,PHC HASSANPUR,Palwal,PHC,Primary,L3,spec_type,L3,27.970751,77.492859,10.83,real,1,1210,ok,
471,PHC TAPPA BILOCH PUR,Palwal,PHC,Primary,L3,spec_type,,29.983619,76.620301,19.14,estimated,0,,ok,
472,PHC CHHAINSA,Palwal,PHC,Primary,L3,spec_type,,28.263150,77.467080,5.98,estimated,0,,ok,
473,PHC KALSADA,Palwal,PHC,Primary,L3,spec_type,,28.075107,77.277264,7.77,estimated,0,,ok,
474,PHC KOT,Palwal,PHC,Primary,L3,spec_type,,30.623905,76.944907,11.54,estimated,0,,ok,
475,PHC MANDKOLA,Palwal,PHC,Primary,L3,spec_type,L3,28.132221,77.175886,3.93,real,1,1205,ok,
476,PHC NANGAL JAT,Palwal,PHC,Primary,L3,spec_type,,27.939889,77.293612,9.46,estimated,0,,ok,
477,PHC UTTAWAR,Palwal,PHC,Primary,L3,spec_type,,27.990558,77.188001,19.08,estimated,0,,ok,
478,PHC ALLIKA,Palwal,PHC,Primary,L3,spec_type,L3,28.159588,77.251763,15.50,real,1,1220,ok,
479,PHC RASULPUR,Palwal,PHC,Primary,L3,spec_type,L3,28.092041,77.399617,2.60,real,2,1212,ok,
480,PHC AMERPUR,Palwal,PHC,Primary,L3,spec_type,,28.192702,77.445604,25.25,estimated,0,,ok,
481,PHC SIHOL,Palwal,PHC,Primary,L3,spec_type,,28.129586,77.430039,15.70,estimated,0,,ok,
482,PHC SOLRA,Palwal,PHC,Primary,L3,spec_type,,28.186749,77.517335,15.30,estimated,0,,ok,
483,PHC   OLD PANCHKULA,Panchkula,PHC,Primary,L3,spec_type,,30.704936,76.875067,5.69,estimated,0,,ok,
484,PHC MORNI,Panchkula,PHC,Primary,L3,spec_type,L3,30.688203,77.088645,26.03,real,1,442,ok,
485,PHC SURAJPUR,Panchkula,PHC,Primary,L3,spec_type,,30.761461,76.902964,20.64,estimated,0,,ok,
486,PHC   KOT,Panchkula,PHC,Primary,L3,spec_type,,30.623887,76.944692,16.76,estimated,0,,ok,
487,PHC BARWALA,Panchkula,PHC,Primary,L3,spec_type,,30.557581,76.936979,12.78,estimated,0,,ok,
488,PHC HANGOLA,Panchkula,PHC,Primary,L3,spec_type,L3,30.532019,77.034878,12.66,estimated,0,445,ok,
489,PHC SEWAH,Panipat,PHC,Primary,L3,spec_type,L3,29.334172,76.979115,31.78,real,1,465,ok,
490,PHC UGRAKHERI,Panipat,PHC,Primary,L3,spec_type,L3,29.377688,77.012424,17.28,real,1,466,ok,
491,PHC SEENK,Panipat,PHC,Primary,L3,spec_type,L3,29.312482,76.652190,4.38,real,2,467,ok,
492,PHC URLANA KALAN,Panipat,PHC,Primary,L3,spec_type,L3,29.347565,76.711554,1.13,real,1,468,ok,
493,PHC KABRI,Panipat,PHC,Primary,L3,spec_type,L3,29.426025,76.939069,10.08,real,1,469,ok,
494,PHC ISRANA,Panipat,PHC,Primary,L3,spec_type,L3,29.279344,76.848676,3.03,real,1,470,ok,
495,PHC MANDI,Panipat,PHC,Primary,L3,spec_type,L3,29.280873,76.848751,6.85,real,1,471,ok,
496,PHC ATTA,Panipat,PHC,Primary,L3,spec_type,L3,29.252547,77.096582,9.63,real,1,472,ok,
497,PHC CHUKLANA,Panipat,PHC,Primary,L3,spec_type,L3,29.207899,76.988843,1.13,real,1,473,ok,
498,PHC PATTI KALYANA,Panipat,PHC,Primary,L3,spec_type,L3,29.209565,77.027797,8.40,real,1,474,ok,
499,PHC BARANA,Panipat,PHC,Primary,L3,spec_type,L3,29.910388,76.731371,1.80,real,1,475,ok,
500,PHC UJHA,Panipat,PHC,Primary,L3,spec_type,L3,29.369167,77.023003,8.73,real,2,476,ok,
501,PHC KAWI,Panipat,PHC,Primary,L3,spec_type,L3,29.430686,76.785948,16.82,estimated,0,477,ok,
502,PHC RAIR KALAN,Panipat,PHC,Primary,L3,spec_type,L3,29.490122,76.831019,7.28,real,1,478,ok,
503,PHC AKERA,Rewari,PHC,Primary,L3,spec_type,L3,28.230212,76.849961,16.93,real,1,908,ok,
504,PHC BHARAWAS,Rewari,PHC,Primary,L3,spec_type,L3,28.156241,76.559348,22.50,real,1,630,ok,
505,PHC DHARUHERA,Rewari,PHC,Primary,L3,spec_type,L3,28.205831,76.792311,19.68,real,2,629,ok,
506,PHC GANGICHA AHIR,Rewari,PHC,Primary,L3,spec_type,L3,28.261878,76.611793,10.18,real,1,536,ok,
507,PHC MASANI,Rewari,PHC,Primary,L3,spec_type,L3,28.201514,76.729310,4.68,real,1,620,ok,
508,PHC BASS DUDHA,Rewari,PHC,Primary,L3,spec_type,L3,28.171025,76.360778,17.43,real,1,537,ok,
509,PHC BOHATWAS AHIR,Rewari,PHC,Primary,L3,spec_type,L3,28.214087,76.519880,12.85,real,1,538,ok,
510,PHC SIHA,Rewari,PHC,Primary,L3,spec_type,L3,28.275623,76.422835,8.53,real,1,539,ok,
511,PHC DAHINA,Rewari,PHC,Primary,L3,spec_type,L3,28.295914,76.395300,17.73,real,1,621,ok,
512,PHC FATEHPURI,Rewari,PHC,Primary,L3,spec_type,L3,28.331525,76.433515,16.13,real,2,622,ok,
513,PHC JATUSANA,Rewari,PHC,Primary,L3,spec_type,L3,28.334011,76.537516,13.98,real,1,623,ok,
514,PHC  BAWWA,Rewari,PHC,Primary,L3,spec_type,L3,28.390687,76.322544,14.45,real,1,624,ok,
515,PHC GUDIYANI,Rewari,PHC,Primary,L3,spec_type,L3,28.360148,76.534402,10.80,real,1,540,ok,
516,PHC RATHANTHAL,Rewari,PHC,Primary,L3,spec_type,L3,28.398241,76.592073,7.58,real,1,625,ok,
517,PHC KASOLA,Rewari,PHC,Primary,L3,spec_type,L3,28.125170,76.650422,15.10,real,1,626,ok,
518,PHC SANGWARI,Rewari,PHC,Primary,L3,spec_type,L3,28.163667,76.684462,6.30,real,1,627,ok,
519,PHC TANKRI,Rewari,PHC,Primary,L3,spec_type,L3,28.082896,76.489741,8.98,real,1,628,ok,
520,PHC BALAND,Rohtak,PHC,Primary,L3,spec_type,,28.796713,76.577702,7.34,estimated,0,,ok,
521,PHC BANIYANI,Rohtak,PHC,Primary,L3,spec_type,L3,28.847324,76.509870,14.68,real,2,639,ok,
522,PHC KARONTHA,Rohtak,PHC,Primary,L3,spec_type,,28.801234,76.614976,27.24,estimated,0,,ok,
523,PHC PILANA,Rohtak,PHC,Primary,L3,spec_type,,28.712446,76.388574,18.46,estimated,0,,ok,
524,PHC HASSANGARH,Rohtak,PHC,Primary,L3,spec_type,,28.833791,76.844546,21.36,estimated,0,,ok,
525,PHC ISMAILA,Rohtak,PHC,Primary,L3,spec_type,,30.116350,76.667141,19.71,estimated,0,,ok,
526,PHC KHARAWAR,Rohtak,PHC,Primary,L3,spec_type,,28.833218,76.684444,9.23,estimated,0,,ok,
527,PHC BHALOUT,Rohtak,PHC,Primary,L3,spec_type,,28.905565,76.709715,6.90,estimated,0,,ok,
528,PHC GHILLOUR KALAN,Rohtak,PHC,Primary,L3,spec_type,,29.039102,76.660564,16.46,estimated,0,,ok,
529,PHC PAKASMA,Rohtak,PHC,Primary,L3,spec_type,,28.867399,76.731723,11.34,estimated,0,,ok,
530,PHC SANGHI,Rohtak,PHC,Primary,L3,spec_type,,29.028392,76.609696,5.41,estimated,0,,ok,
531,PHC SAMAR GOPAL PUR,Rohtak,PHC,Primary,L3,spec_type,,28.966996,76.507170,7.07,estimated,0,,ok,
532,PHC BAHLBA,Rohtak,PHC,Primary,L3,spec_type,,28.938641,76.328750,6.66,estimated,0,,ok,
533,PHC MOKHRA,Rohtak,PHC,Primary,L3,spec_type,,28.893718,76.436648,11.66,estimated,0,,ok,
534,PHC FARMANA,Rohtak,PHC,Primary,L3,spec_type,L3,28.983356,76.814553,12.48,estimated,0,652,ok,
535,PHC GIRAWAR,Rohtak,PHC,Primary,L3,spec_type,,28.983912,76.459840,12.95,estimated,0,,ok,
536,PHC NINDANA,Rohtak,PHC,Primary,L3,spec_type,,29.008447,76.363915,16.03,estimated,0,,ok,
537,PHC DESUJODHA,Sirsa,PHC,Primary,L3,spec_type,L3,29.953971,74.836550,17.73,real,1,548,ok,
538,PHC PANNIWALA MOTTA,Sirsa,PHC,Primary,L3,spec_type,L3,29.703306,74.909270,18.63,real,1,549,ok,
539,PHC BANI,Sirsa,PHC,Primary,L3,spec_type,L3,28.847334,76.509483,11.98,real,1,550,ok,
540,PHC DHOTTAR,Sirsa,PHC,Primary,L3,spec_type,L3,29.575211,74.896696,17.48,real,1,551,ok,
541,PHC KEHARWALA,Sirsa,PHC,Primary,L3,spec_type,L3,29.663702,74.703252,19.08,real,1,552,ok,
542,PHC KHARIAN,Sirsa,PHC,Primary,L3,spec_type,L3,29.621425,74.857044,25.13,real,1,842,ok,
543,PHC BHAVDEEN,Sirsa,PHC,Primary,L3,spec_type,L3,29.536787,75.229896,24.60,real,1,553,ok,
544,PHC DARBI,Sirsa,PHC,Primary,L3,spec_type,L3,29.575569,75.159284,24.20,real,2,554,ok,
545,PHC BANSUDHAR,Sirsa,PHC,Primary,L3,spec_type,,29.595706,74.979355,11.80,estimated,0,,ok,
546,PHC PANIHARI,Sirsa,PHC,Primary,L3,spec_type,,29.643752,75.146177,13.19,estimated,0,,ok,
547,PHC GANGA,Sirsa,PHC,Primary,L3,spec_type,L3,29.780480,74.677740,11.68,real,1,557,ok,
548,PHC GORIWALA,Sirsa,PHC,Primary,L3,spec_type,L3,29.783201,74.745463,19.40,real,1,558,ok,
549,PHC JOTTANWALI,Sirsa,PHC,Primary,L3,spec_type,L3,29.927078,74.528828,7.08,real,1,559,ok,
550,PHC KALUANA,Sirsa,PHC,Primary,L3,spec_type,L3,29.711668,74.628968,12.63,real,1,560,ok,
551,PHC JALMALERA,Sirsa,PHC,Primary,L3,spec_type,L3,29.590299,76.703769,11.03,real,1,561,ok,
552,PHC MALLEKAN,Sirsa,PHC,Primary,L3,spec_type,L3,29.432379,74.888515,10.63,real,1,562,ok,
553,PHC DARBA KALAN,Sirsa,PHC,Primary,L3,spec_type,L3,29.404817,75.115161,14.63,real,1,563,ok,
554,PHC DING,Sirsa,PHC,Primary,L3,spec_type,L3,29.459124,75.262307,18.60,real,1,564,ok,
555,PHC JAMAL,Sirsa,PHC,Primary,L3,spec_type,L3,28.966786,75.954764,17.03,real,1,565,ok,
556,PHC KAGDANA,Sirsa,PHC,Primary,L3,spec_type,L3,29.291075,75.169371,28.23,real,1,566,ok,
557,PHC RANDHAWA,Sirsa,PHC,Primary,L3,spec_type,L3,29.422262,75.073454,16.69,estimated,0,567,ok,
558,PHC DADU,Sirsa,PHC,Primary,L3,spec_type,L3,29.837822,75.047788,14.50,real,1,568,ok,
559,PHC RORI,Sirsa,PHC,Primary,L3,spec_type,L3,29.734410,75.204227,13.20,real,1,569,ok,
560,PHC AHULANA,Sonepat,PHC,Primary,L3,spec_type,,29.195506,76.932154,1.90,estimated,0,,ok,
561,PHC BEGA,Sonepat,PHC,Primary,L3,spec_type,,29.160566,77.131495,14.38,estimated,0,,ok,
562,PHC DATAULI,Sonepat,PHC,Primary,L3,spec_type,,29.160880,77.082007,18.59,estimated,0,,ok,
563,PHC DUBHETA,Sonepat,PHC,Primary,L3,spec_type,,29.126069,76.868833,6.94,estimated,0,,ok,
564,PHC MOI MAZRI,Sonepat,PHC,Primary,L3,spec_type,,29.128908,76.891225,10.13,estimated,0,,ok,
565,PHC RAJLU GARHI,Sonepat,PHC,Primary,L3,spec_type,,29.093162,77.009761,11.62,estimated,0,,ok,
566,PHC BANWASA,Sonepat,PHC,Primary,L3,spec_type,,29.139601,76.566242,8.30,estimated,0,,ok,
567,PHC MADINA,Sonepat,PHC,Primary,L3,spec_type,,29.094552,76.633591,17.39,estimated,0,,ok,
568,PHC BHATANA ZAFRABAD,Sonepat,PHC,Primary,L3,spec_type,,29.071936,76.915646,9.22,estimated,0,,ok,
569,PHC BHATGOAN MALIYAN,Sonepat,PHC,Primary,L3,spec_type,,28.995764,76.895321,20.26,estimated,0,,ok,
570,PHC MAHRA,Sonepat,PHC,Primary,L3,spec_type,,29.071688,76.915387,20.26,estimated,0,,ok,
571,PHC MOHANA,Sonepat,PHC,Primary,L3,spec_type,,28.222225,77.441161,14.79,estimated,0,,ok,
572,PHC MURTHAL,Sonepat,PHC,Primary,L3,spec_type,,29.022750,77.063279,18.79,estimated,0,,ok,
573,PHC HALALPUR,Sonepat,PHC,Primary,L3,spec_type,,28.862578,77.010963,22.25,estimated,0,,ok,
574,PHC JAKHAULI,Sonepat,PHC,Primary,L3,spec_type,,28.933197,77.147221,13.95,estimated,0,,ok,
575,PHC KHEWRA,Sonepat,PHC,Primary,L3,spec_type,,28.962342,77.128032,11.39,estimated,0,,ok,
576,PHC KUNDLI,Sonepat,PHC,Primary,L3,spec_type,,28.873758,77.123967,7.13,estimated,0,,ok,
577,PHC NAHARI,Sonepat,PHC,Primary,L3,spec_type,,28.865276,77.044232,8.88,estimated,0,,ok,
578,PHC BHIDHLAN,Sonepat,PHC,Primary,L3,spec_type,,28.953315,76.868731,13.16,estimated,0,,ok,
579,PHC FARMANA,Sonepat,PHC,Primary,L3,spec_type,,28.983422,76.814693,18.33,estimated,0,,ok,
580,PHC KHANDA,Sonepat,PHC,Primary,L3,spec_type,,28.924808,76.894530,14.21,estimated,0,,ok,
581,PHC SISANA,Sonepat,PHC,Primary,L3,spec_type,,28.896986,76.853828,20.54,estimated,0,,ok,
582,PHC BARODA,Sonepat,PHC,Primary,L3,spec_type,,29.142204,76.607157,3.65,estimated,0,,ok,
583,PHC BUTANA,Sonepat,PHC,Primary,L3,spec_type,,29.185128,76.628705,18.39,estimated,0,,ok,
584,PHC JAGSI,Sonepat,PHC,Primary,L3,spec_type,,29.305641,76.653124,2.93,estimated,0,,ok,
585,PHC SHAMRI,Sonepat,PHC,Primary,L3,spec_type,,29.196628,76.821839,8.17,estimated,0,,ok,
586,PHC ROHAT,Sonepat,PHC,Primary,L3,spec_type,,28.932545,76.975624,17.92,estimated,0,,ok,
587,PHC KHANPUR,Sonepat,PHC,Primary,L3,spec_type,,29.159906,76.794924,9.46,estimated,0,,ok,
588,PHC LATH,Sonepat,PHC,Primary,L3,spec_type,,29.028059,76.791533,4.02,estimated,0,,ok,
589,PHC RUKHI,Sonepat,PHC,Primary,L3,spec_type,,29.053400,76.674641,8.53,estimated,0,,ok,
590,PHC SARAGTHAL,Sonepat,PHC,Primary,L3,spec_type,,29.225006,77.014846,6.37,estimated,0,,ok,
591,M.M. COLLEGE OF MEDICAL SCIENCES & RESEARCH,AMBALA,Empanelled Private Hospital,Tertiary,L1,private_all_l1,L1,29.590000,76.110000,60.63,real,1,24,ok,
592,PANKAJ GARG HOSPITAL,AMBALA,Empanelled Private Hospital,Tertiary,L1,private_all_l1,L2,29.244700,76.041850,25.28,real,1,928,ok,
593,APEX HEART SUPERSPECIALITY HOSPITAL,AMBALA,Empanelled Private Hospital,Tertiary,L1,private_all_l1,,29.094257,75.966302,53.44,estimated,0,,ok,
594,SHANTI DEVI NURSING HOME,AMBALA,Empanelled Private Hospital,Tertiary,L1,private_all_l1,,29.170090,75.719043,18.48,estimated,0,,ok,
595,PRABHAKAR HOSPITAL,AMBALA,Empanelled Private Hospital,Tertiary,L1,private_all_l1,,28.706398,76.044617,36.38,estimated,0,,ok,
596,SARVOTAM ENT CENTRE,AMBALA,Empanelled Private Hospital,Tertiary,L1,private_all_l1,,29.532100,75.031800,34.10,estimated,0,,ok,
597,N.P SINGH HOSPITAL,AMBALA,Empanelled Private Hospital,Tertiary,L1,private_all_l1,L2,28.181761,76.722926,41.15,real,1,926,ok,
598,MEHNDIRATTA HOSPITAL,AMBALA,Empanelled Private Hospital,Tertiary,L1,private_all_l1,,28.433330,77.059400,50.16,estimated,0,,ok,
599,JASPAL NURSING HOME,AMBALA,Empanelled Private Hospital,Tertiary,L1,private_all_l1,,30.370696,76.788042,46.65,estimated,0,,ok,
600,AGGARWAL HEART AND SURGICAL HOSPITAL,AMBALA,Empanelled Private Hospital,Tertiary,L1,private_all_l1,,28.897790,76.582750,34.04,estimated,0,,ok,
601,ISHWAR HOSPITAL AMBALA CITY,AMBALA,Empanelled Private Hospital,Tertiary,L1,private_all_l1,L2,28.982638,77.021326,23.78,real,1,744,ok,
602,ANEJA HOSPITAL AND NURSING HOME,AMBALA,Empanelled Private Hospital,Tertiary,L1,private_all_l1,,30.389290,76.770090,34.68,estimated,0,,ok,
603,SARWAL HOSPITAL,AMBALA,Empanelled Private Hospital,Tertiary,L1,private_all_l1,L2,30.336510,76.865280,46.28,real,1,929,ok,
604,SANJIVNI EYE AND MEDICARE CENTRE,AMBALA,Empanelled Private Hospital,Tertiary,L1,private_all_l1,,29.744310,76.957730,28.50,estimated,0,,ok,
605,DHILLON NURSING HOME,AMBALA,Empanelled Private Hospital,Tertiary,L1,private_all_l1,,30.363330,76.791410,28.58,estimated,0,,ok,
606,SRI ONKAR EYE AND ENT CARE CENTRE,AMBALA,Empanelled Private Hospital,Tertiary,L1,private_all_l1,,30.365490,76.766920,48.20,estimated,0,,ok,
607,MONGA HOSPITAL AND STONE CENTER,AMBALA,Empanelled Private Hospital,Tertiary,L1,private_all_l1,L2,30.370470,76.783920,30.90,real,3,904,ok,
608,M M HOSPITAL,AMBALA,Empanelled Private Hospital,Tertiary,L1,private_all_l1,,30.337240,76.864120,46.48,estimated,0,,ok,
609,C LALL HOSPITAL,AMBALA,Empanelled Private Hospital,Tertiary,L1,private_all_l1,,30.379910,76.782830,44.58,estimated,0,,ok,
610,GULATI EYE CARE AND MEDICAL CENTRE A UNIT OF MANAV KALYAN HEALTHCARE PVT LTD,AMBALA,Empanelled Private Hospital,Tertiary,L1,private_all_l1,,29.973990,76.861570,27.33,estimated,0,,ok,
611,ROTARY AMBALA CANCER AND GENERAL HOSPITAL,AMBALA,Empanelled Private Hospital,Tertiary,L1,private_all_l1,,30.332090,76.847090,44.35,estimated,0,,ok,
612,PHILADELPHIA HOSPITAL,AMBALA,Empanelled Private Hospital,Tertiary,L1,private_all_l1,L2,29.532270,75.034696,38.68,real,1,924,ok,
613,GUARDIAN HOSPITAL,AMBALA,Empanelled Private Hospital,Tertiary,L1,private_all_l1,,30.336480,76.868910,42.10,estimated,0,,ok,
614,RAI MULTI SPECIALITY HOSPITAL,AMBALA,Empanelled Private Hospital,Tertiary,L1,private_all_l1,,30.340106,76.867772,41.25,estimated,0,,ok,
615,ARYA BHUSHAN MATERNITY AND NURSING HOME,AMBALA,Empanelled Private Hospital,Tertiary,L1,private_all_l1,,30.388660,76.833880,47.39,estimated,0,,ok,
616,K D HOSPITAL MRI AND CT SCAN,AMBALA,Empanelled Private Hospital,Tertiary,L1,private_all_l1,,29.321160,76.335420,43.02,estimated,0,,ok,
617,BANSAL GLOBAL HOSPITAL,AMBALA,Empanelled Private Hospital,Tertiary,L1,private_all_l1,,29.388551,76.997571,22.10,estimated,0,,ok,
618,L J EYE INSTITUTE,AMBALA,Empanelled Private Hospital,Tertiary,L1,private_all_l1,,29.958230,74.701310,45.84,estimated,0,,ok,
619,JP SURGICAL HOSPITAL,AMBALA,Empanelled Private Hospital,Tertiary,L1,private_all_l1,,29.380540,76.967740,28.00,estimated,0,,ok,
620,VOHRA EYE HOSPITAL,AMBALA,Empanelled Private Hospital,Tertiary,L1,private_all_l1,,29.135290,75.739500,35.01,estimated,0,,ok,
621,SANJIVNI HEALTH CARE,AMBALA,Empanelled Private Hospital,Tertiary,L1,private_all_l1,,29.499218,76.631321,37.21,estimated,0,,ok,
622,BAVEJA HOSPITAL,AMBALA,Empanelled Private Hospital,Tertiary,L1,private_all_l1,,28.899179,76.583504,11.17,estimated,0,,ok,
623,NARAIN HOSPITAL,AMBALA,Empanelled Private Hospital,Tertiary,L1,private_all_l1,L2,29.681630,77.010300,32.63,real,1,927,ok,
624,AAROGYA HOSPITAL,AMBALA,Empanelled Private Hospital,Tertiary,L1,private_all_l1,L2,28.896490,76.609260,26.45,real,1,930,ok,
625,M M INSTITUTE OF MEDICAL SCIENCES AND RESEARCH,AMBALA,Empanelled Private Hospital,Tertiary,L1,private_all_l1,,29.332600,76.984660,21.63,estimated,0,,ok,
626,PC SHARMA EYE HOSPITAL,AMBALA,Empanelled Private Hospital,Tertiary,L1,private_all_l1,,30.688987,76.850127,35.73,estimated,0,,ok,
627,MANOCHA EYE HOSPITAL,AMBALA,Empanelled Private Hospital,Tertiary,L1,private_all_l1,,28.459150,77.084620,30.26,estimated,0,,ok,
628,KAPIL EYE HOSPITAL,AMBALA,Empanelled Private Hospital,Tertiary,L1,private_all_l1,,30.380394,76.780328,30.94,estimated,0,,ok,
629,BANSAL EYE HOSPITAL,AMBALA,Empanelled Private Hospital,Tertiary,L1,private_all_l1,,28.367995,77.335970,26.79,estimated,0,,ok,
630,LEELAWATI HOSPITAL,AMBALA,Empanelled Private Hospital,Tertiary,L1,private_all_l1,,30.661170,76.882390,30.76,estimated,0,,ok,
631,HEALING TOUCH SUPER SPECIALITY HOSPITAL A UNIT BLUE HEAVENS HEALTH CARE PVT LTD,AMBALA,Empanelled Private Hospital,Tertiary,L1,private_all_l1,,28.458160,77.063580,35.77,estimated,0,,ok,
632,GMC SUNRISE HOSPITAL A UNIT OF GIRIRAJ SUNRISE HEALTHCARE PRIVATE LIMITED,BHIWANI,Empanelled Private Hospital,Tertiary,L1,private_all_l1,,29.685629,76.990547,50.10,estimated,0,,ok,
633,KALYAN HOSPITAL,BHIWANI,Empanelled Private Hospital,Tertiary,L1,private_all_l1,,28.895515,76.606613,58.12,estimated,0,,ok,
634,PARAM HOSPITAL,BHIWANI,Empanelled Private Hospital,Tertiary,L1,private_all_l1,,28.799046,76.133514,54.39,estimated,0,,ok,
635,SHRI BABA YOGI NETANATH HOSPITAL & RESEARCH CENTRE,BHIWANI,Empanelled Private Hospital,Tertiary,L1,private_all_l1,,29.769842,76.574389,31.13,estimated,0,,ok,
636,DHIR HOSPITAL,BHIWANI,Empanelled Private Hospital,Tertiary,L1,private_all_l1,,29.140340,75.742470,30.96,estimated,0,,ok,
637,EYE Q VISION PVT LTD,BHIWANI,Empanelled Private Hospital,Tertiary,L1,private_all_l1,,28.798320,76.141980,38.81,estimated,0,,ok,
638,JB GUPTA HOSPITAL,BHIWANI,Empanelled Private Hospital,Tertiary,L1,private_all_l1,L2,30.337210,76.867850,27.68,real,1,48,ok,
639,CITY NURSING HOME,BHIWANI,Empanelled Private Hospital,Tertiary,L1,private_all_l1,,28.594000,76.259300,55.24,estimated,0,,ok,
640,SKP MULTISPECIALITY HOSPITAL,BHIWANI,Empanelled Private Hospital,Tertiary,L1,private_all_l1,,29.536540,75.025510,33.08,estimated,0,,ok,
641,MALIK MULTISPECIALITY HOSPITAL & TRAUMA CENTRE,BHIWANI,Empanelled Private Hospital,Tertiary,L1,private_all_l1,L2,29.537300,75.032770,33.88,real,2,964,ok,
642,GIRDHAR MULTISPECIALITY HOSPITAL,BHIWANI,Empanelled Private Hospital,Tertiary,L1,private_all_l1,L2,29.118000,75.699240,27.98,real,1,42,ok,
643,DHAMIJA CHEST HOSPITAL,BHIWANI,Empanelled Private Hospital,Tertiary,L1,private_all_l1,L2,29.706829,75.905263,13.85,real,2,43,ok,
644,SMSG HOSPITAL,BHIWANI,Empanelled Private Hospital,Tertiary,L1,private_all_l1,L2,29.390750,76.962020,2.00,real,1,44,ok,
645,SHARMA HOSPITAL,BHIWANI,Empanelled Private Hospital,Tertiary,L1,private_all_l1,L2,28.809800,76.143900,39.18,real,2,45,ok,
646,JEEVAN NURSING HOME BHIWANI,BHIWANI,Empanelled Private Hospital,Tertiary,L1,private_all_l1,,29.544290,75.028050,25.42,estimated,0,,ok,
647,BHIWANI HEART HOSPITAL,BHIWANI,Empanelled Private Hospital,Tertiary,L1,private_all_l1,L3,28.483063,77.017857,7.38,real,1,47,ok,
648,CHUGH HOSPITAL BHIWANI,BHIWANI,Empanelled Private Hospital,Tertiary,L1,private_all_l1,L2,30.136710,76.868690,20.98,real,1,49,ok,
649,JANGRA HOSPITAL AND MATERNITY CENTRE,BHIWANI,Empanelled Private Hospital,Tertiary,L1,private_all_l1,L2,29.973210,76.857570,33.25,real,2,50,ok,
650,ANCHAL MATERNITY & NURSING HOME,BHIWANI,Empanelled Private Hospital,Tertiary,L1,private_all_l1,L3,28.146327,77.335438,36.40,real,1,51,ok,
651,AMAN HOSPITAL,BHIWANI,Empanelled Private Hospital,Tertiary,L1,private_all_l1,,29.129820,75.741510,26.15,estimated,0,,ok,
652,SPES HOSPITAL,BHIWANI,Empanelled Private Hospital,Tertiary,L1,private_all_l1,L2,29.121730,75.742270,32.33,real,14,53,ok,
653,KADDAM MULTISPECIALITY HOSPITAL,BHIWANI,Empanelled Private Hospital,Tertiary,L1,private_all_l1,L2,28.211730,76.949840,51.73,real,1,54,ok,
654,RANVIR HOSPITAL,BHIWANI,Empanelled Private Hospital,Tertiary,L1,private_all_l1,,29.804618,76.402428,21.34,estimated,0,,ok,
655,SHREE GANESHA HOSPITAL,BHIWANI,Empanelled Private Hospital,Tertiary,L1,private_all_l1,L2,28.897500,76.604400,15.40,real,1,965,ok,
656,SINGLA HOSPITAL,BHIWANI,Empanelled Private Hospital,Tertiary,L1,private_all_l1,L2,30.148882,77.305866,48.35,real,2,56,ok,
657,PANWAR HOSPITAL,BHIWANI,Empanelled Private Hospital,Tertiary,L1,private_all_l1,,29.685629,76.990547,43.58,estimated,0,,ok,
658,RPS HOSPITAL MATERNITY & TRAUMA CENTRE,BHIWANI,Empanelled Private Hospital,Tertiary,L1,private_all_l1,L2,29.146200,75.727000,19.88,real,1,966,ok,
659,LIFE LINE MULTI SPECIALITY HOSPITAL,BHIWANI,Empanelled Private Hospital,Tertiary,L1,private_all_l1,L2,29.748000,76.420000,17.53,real,1,58,ok,
660,SHARMA NURSING AND MATERNITY HOME,BHIWANI,Empanelled Private Hospital,Tertiary,L1,private_all_l1,L3,29.364075,75.906776,31.85,real,1,984,ok,
661,RAHUL GOYAL TRAUMA AND JOINT REPLACEMENT CENTER,BHIWANI,Empanelled Private Hospital,Tertiary,L1,private_all_l1,,28.895515,76.606613,20.29,estimated,0,,ok,
662,SHREE HOSPITAL,CHARKI DADRI,Empanelled Private Hospital,Tertiary,L1,private_all_l1,,28.886172,76.613817,36.44,estimated,0,,ok,
663,SANTUSHTI  MULTISPECIALITY HOSPITAL,CHARKI DADRI,Empanelled Private Hospital,Tertiary,L1,private_all_l1,,28.125093,76.101717,27.56,estimated,0,,ok,
664,GK SUPER SPECIALITY HOSPITAL,CHARKI DADRI,Empanelled Private Hospital,Tertiary,L1,private_all_l1,,29.719227,75.908035,36.48,estimated,0,,ok,
665,CHOUDHARY KASHIRAM MULTISPECIALITY HOSPITAL,CHARKI DADRI,Empanelled Private Hospital,Tertiary,L1,private_all_l1,,28.273246,76.141369,54.67,estimated,0,,ok,
666,OSCAR SUPER SPECIALITY HOSPITAL & TRAUMA CENTER A UNIT OF OSCAR HEALTH SERVICES,CHARKI DADRI,Empanelled Private Hospital,Tertiary,L1,private_all_l1,,29.534637,75.025882,28.34,estimated,0,,ok,
667,BOHRA HOSPITAL BADHRA,CHARKI DADRI,Empanelled Private Hospital,Tertiary,L1,private_all_l1,,28.591955,76.247829,43.20,estimated,0,,ok,
668,GEETANJALI HOSPITAL AND EYE CARE CENTRE,CHARKI DADRI,Empanelled Private Hospital,Tertiary,L1,private_all_l1,,30.368670,76.786480,51.75,estimated,0,,ok,
669,SWASTIK HOSPITAL AND POISON CARE,CHARKI DADRI,Empanelled Private Hospital,Tertiary,L1,private_all_l1,,30.361910,76.793600,37.73,estimated,0,,ok,
670,SUNFLAG HOSPITAL DADRI PVT. LTD,CHARKI DADRI,Empanelled Private Hospital,Tertiary,L1,private_all_l1,,29.693955,76.989474,40.41,estimated,0,,ok,
671,YADAV HOSPITAL,CHARKI DADRI,Empanelled Private Hospital,Tertiary,L1,private_all_l1,,28.796210,76.163050,48.54,estimated,0,,ok,
672,KRISHNAHOSPITAL,CHARKI DADRI,Empanelled Private Hospital,Tertiary,L1,private_all_l1,,28.557550,76.291360,44.07,estimated,0,,ok,
673,PRADHAN  MEDICARE CENTRE,CHARKI DADRI,Empanelled Private Hospital,Tertiary,L1,private_all_l1,,30.380060,76.776870,45.48,estimated,0,,ok,
674,LIFE CARE MULTISPECIALITY HOSPITAL,CHARKI DADRI,Empanelled Private Hospital,Tertiary,L1,private_all_l1,,28.695730,76.922030,25.83,estimated,0,,ok,
675,SHEORAN MANAV SEWA HOSPITAL,CHARKI DADRI,Empanelled Private Hospital,Tertiary,L1,private_all_l1,,29.536948,75.026153,43.71,estimated,0,,ok,
676,JAI HIND HEALTHCARE,CHARKI DADRI,Empanelled Private Hospital,Tertiary,L1,private_all_l1,,28.896175,76.595506,25.56,estimated,0,,ok,
677,APURVA NURSING HOME,FARIDABAD,Empanelled Private Hospital,Tertiary,L1,private_all_l1,L3,30.380700,76.781539,32.25,real,1,699,ok,
678,SHANTI DEVI MEMORIAL HOSPITAL,FARIDABAD,Empanelled Private Hospital,Tertiary,L1,private_all_l1,L2,28.389270,77.289860,33.60,real,1,700,ok,
679,ARSH HOSPITAL,FARIDABAD,Empanelled Private Hospital,Tertiary,L1,private_all_l1,L2,28.418560,77.367490,38.68,real,1,714,ok,
680,SURYA ORTHO AND TRAUMA CENTRE,FARIDABAD,Empanelled Private Hospital,Tertiary,L1,private_all_l1,L2,30.152102,77.307733,28.88,real,2,712,ok,
681,AMRITA INSTITUTE OF MEDICAL SCIENCES AND RESEARCH CENTRE,FARIDABAD,Empanelled Private Hospital,Tertiary,L1,private_all_l1,L1,28.800600,76.139400,57.28,real,1,711,ok,
682,GOYAL HOSPITAL,FARIDABAD,Empanelled Private Hospital,Tertiary,L1,private_all_l1,L2,30.331860,76.846540,47.95,real,1,701,ok,
683,R K HOSPITAL,FARIDABAD,Empanelled Private Hospital,Tertiary,L1,private_all_l1,L2,28.803810,76.142780,47.43,real,1,702,ok,
684,HANDA MEDICAL CENTRE,FARIDABAD,Empanelled Private Hospital,Tertiary,L1,private_all_l1,L1,28.391480,77.292760,43.43,real,1,710,ok,
685,AL FALAH HOSPITAL,FARIDABAD,Empanelled Private Hospital,Tertiary,L1,private_all_l1,L2,28.408070,77.322380,64.73,real,1,698,ok,
686,KEDAR HOSPITAL,FARIDABAD,Empanelled Private Hospital,Tertiary,L1,private_all_l1,L2,29.137370,75.714910,49.73,real,1,703,ok,
687,PAWAN HOSPITAL UNIT 2,FARIDABAD,Empanelled Private Hospital,Tertiary,L1,private_all_l1,L2,28.599090,76.272530,41.90,real,1,865,ok,
688,MANAVTA HOSPITALS PRIVATE LIMITED,FARIDABAD,Empanelled Private Hospital,Tertiary,L1,private_all_l1,L2,28.595678,76.265942,45.53,real,1,704,ok,
689,NATIONAL INSTITUTE OF MEDICAL SCIENCES,FARIDABAD,Empanelled Private Hospital,Tertiary,L1,private_all_l1,L1,29.520110,76.614180,25.52,estimated,0,864,ok,
690,DOCTOR TODAY IVF AND MULTI SPECIALTY HOSPITAL,FARIDABAD,Empanelled Private Hospital,Tertiary,L1,private_all_l1,,28.799050,76.133510,32.89,estimated,0,,ok,
691,PARK HOSPITAL A UNIT OF AGGARWAL HOSPITAL AND RESEARCH SERVICES PVT LTD,FARIDABAD,Empanelled Private Hospital,Tertiary,L1,private_all_l1,,28.418279,77.043153,45.50,estimated,0,,ok,
692,SANTOSH MULTISPECIALITY HOSPITAL,FARIDABAD,Empanelled Private Hospital,Tertiary,L1,private_all_l1,,28.991420,77.030520,62.28,estimated,0,,ok,
693,CENTRE FOR SIGHT FARIDABAD,FARIDABAD,Empanelled Private Hospital,Tertiary,L1,private_all_l1,L2,28.518240,77.038780,7.45,real,1,708,ok,
694,PAWAN HOSPITAL,FARIDABAD,Empanelled Private Hospital,Tertiary,L1,private_all_l1,L2,28.455910,77.037380,55.05,real,1,709,ok,
695,SUPREME HOSPITAL PRIVATE LIMITED,FARIDABAD,Empanelled Private Hospital,Tertiary,L1,private_all_l1,L2,28.455020,76.973900,56.38,real,1,697,ok,
696,DRISHTI EYE CENTRE,FARIDABAD,Empanelled Private Hospital,Tertiary,L1,private_all_l1,,28.491179,77.291171,22.29,estimated,0,,ok,
697,SARVODAYA HOSPITAL AND RESEARCH CENTRE A UNIT OF ANSHU HOSPITALS LTD,FARIDABAD,Empanelled Private Hospital,Tertiary,L1,private_all_l1,L1,28.463860,77.065420,59.58,real,1,713,ok,
698,AASTHA EYE CENTRE,FARIDABAD,Empanelled Private Hospital,Tertiary,L1,private_all_l1,,29.135250,75.744000,43.63,estimated,0,,ok,
699,KHANNA ENT AND DENTAL HOSPITAL,FATEHABAD,Empanelled Private Hospital,Tertiary,L1,private_all_l1,L2,29.538999,75.031242,23.73,real,2,1000,ok,
700,SHALINI SURGICAL & MATERNITY HOSPITAL,FATEHABAD,Empanelled Private Hospital,Tertiary,L1,private_all_l1,,29.443680,77.071760,55.20,estimated,0,,ok,
701,UMEED MULTISPECIALITY HOSPITAL & TRAUMA CENTRE,FATEHABAD,Empanelled Private Hospital,Tertiary,L1,private_all_l1,,29.708036,75.908101,10.41,estimated,0,,ok,
702,DEEPANSH BHATIA NURSING HOME,FATEHABAD,Empanelled Private Hospital,Tertiary,L1,private_all_l1,,29.708250,75.907500,13.04,estimated,0,,ok,
703,KAKKAR NURSING HOME,FATEHABAD,Empanelled Private Hospital,Tertiary,L1,private_all_l1,L3,30.378180,76.776695,48.45,real,1,999,ok,
704,SAI HOSPITAL,FATEHABAD,Empanelled Private Hospital,Tertiary,L1,private_all_l1,,29.306060,76.349470,54.71,estimated,0,,ok,
705,PARUL ENT SKIN AND LASER CENTRE,FATEHABAD,Empanelled Private Hospital,Tertiary,L1,private_all_l1,,29.814690,76.420520,42.42,estimated,0,,ok,
706,RAJAN EYE HEART AND LASER CENTRE,FATEHABAD,Empanelled Private Hospital,Tertiary,L1,private_all_l1,,29.708300,75.908360,36.16,estimated,0,,ok,
707,EYE Q VISION PVT LTD,FATEHABAD,Empanelled Private Hospital,Tertiary,L1,private_all_l1,,28.794595,76.145878,41.60,estimated,0,,ok,
708,GURU FAQIR SAHAJ JAIN CHARITABLE HOSPITAL,FATEHABAD,Empanelled Private Hospital,Tertiary,L1,private_all_l1,,30.380635,76.781223,46.52,estimated,0,,ok,
709,LIFE CARE HOSPITAL,FATEHABAD,Empanelled Private Hospital,Tertiary,L1,private_all_l1,,28.264570,76.143100,62.05,estimated,0,,ok,
710,MEHTA EYE HOSPITAL,FATEHABAD,Empanelled Private Hospital,Tertiary,L1,private_all_l1,,28.797500,76.132200,27.19,estimated,0,,ok,
711,JAIPUR CHILDREN HOSPITAL,FATEHABAD,Empanelled Private Hospital,Tertiary,L1,private_all_l1,L2,28.357540,77.296340,46.57,estimated,0,1002,ok,
712,RAJASTHAN MEDICAL CENTER,FATEHABAD,Empanelled Private Hospital,Tertiary,L1,private_all_l1,,29.685690,76.990480,63.80,estimated,0,,ok,
713,WADHWA SURGICAL HOSPITAL,FATEHABAD,Empanelled Private Hospital,Tertiary,L1,private_all_l1,,28.198633,76.609258,37.01,estimated,0,,ok,
714,ARORA HOSPITAL,FATEHABAD,Empanelled Private Hospital,Tertiary,L1,private_all_l1,,29.515770,75.447160,18.40,estimated,0,,ok,
715,SADBHAVNA HOSPITAL,FATEHABAD,Empanelled Private Hospital,Tertiary,L1,private_all_l1,L2,28.053646,76.105111,56.08,real,1,803,ok,
716,JANTA EYE AND MATERNITY HOSPITAL,FATEHABAD,Empanelled Private Hospital,Tertiary,L1,private_all_l1,,29.689720,76.990610,51.78,estimated,0,,ok,
717,BHANOT HOSPITAL,GURUGRAM,Empanelled Private Hospital,Tertiary,L1,private_all_l1,,28.690450,76.941600,14.15,estimated,0,,ok,
718,EYE Q VISION PVT LTD,GURUGRAM,Empanelled Private Hospital,Tertiary,L1,private_all_l1,,28.456260,77.037190,44.26,estimated,0,,ok,
719,CHIRAG HOSPITAL,GURUGRAM,Empanelled Private Hospital,Tertiary,L1,private_all_l1,L2,29.134970,77.018030,25.58,estimated,0,79,ok,
720,SGT MEDICAL COLLEGE HOSPITAL AND RESEARCH INSTITUTE,GURUGRAM,Empanelled Private Hospital,Tertiary,L1,private_all_l1,,29.800591,76.402887,32.45,estimated,0,,ok,
721,KAMLA HOSPITAL,GURUGRAM,Empanelled Private Hospital,Tertiary,L1,private_all_l1,L2,28.274190,76.141370,38.13,real,1,80,ok,
722,UMKAL HOSPITAL PVT LTD,GURUGRAM,Empanelled Private Hospital,Tertiary,L1,private_all_l1,L2,28.195435,76.628865,50.13,real,1,81,ok,
723,GEETANJALI HOSPITAL PATAUDI,GURUGRAM,Empanelled Private Hospital,Tertiary,L1,private_all_l1,,28.340530,77.312520,55.91,estimated,0,,ok,
724,K K HEALTH CARE CENTRE,GURUGRAM,Empanelled Private Hospital,Tertiary,L1,private_all_l1,,29.124950,75.744190,17.25,estimated,0,,ok,
725,KRITI HOSPITAL,GURUGRAM,Empanelled Private Hospital,Tertiary,L1,private_all_l1,L2,29.326685,76.095255,29.15,real,1,83,ok,
726,PUSHPANJALI HOSPITAL,GURUGRAM,Empanelled Private Hospital,Tertiary,L1,private_all_l1,L2,28.598174,76.274288,45.28,real,1,92,ok,
727,PARK HOSPITAL A UNIT OF PARK MEDICENTERS AND INSTITUTIONS PVT LTD,GURUGRAM,Empanelled Private Hospital,Tertiary,L1,private_all_l1,,29.801310,76.413240,40.07,estimated,0,,ok,
728,AHOOJA EYE AND DENTAL INSTITUTE,GURUGRAM,Empanelled Private Hospital,Tertiary,L1,private_all_l1,,30.251450,77.044470,24.52,estimated,0,84,ok,
729,METRO HOSPITAL AND HEART INSTITUTE,GURUGRAM,Empanelled Private Hospital,Tertiary,L1,private_all_l1,,28.395790,77.289910,27.31,estimated,0,,ok,
730,DAYAL EYE CENTRE,GURUGRAM,Empanelled Private Hospital,Tertiary,L1,private_all_l1,,29.391520,76.956760,37.57,estimated,0,,ok,
731,MUSKAAN DENTALS,GURUGRAM,Empanelled Private Hospital,Tertiary,L1,private_all_l1,,28.321970,77.283620,26.99,estimated,0,,ok,
732,THE SIGNATURE HOSPITAL A UNIT OF PARK MEDICITY NORTH PVT LTD,GURUGRAM,Empanelled Private Hospital,Tertiary,L1,private_all_l1,L2,30.377140,76.786160,54.95,real,1,75,ok,
733,SUDARSHAN POLY DENTAL CENTRE,GURUGRAM,Empanelled Private Hospital,Tertiary,L1,private_all_l1,,28.396030,77.306670,29.94,estimated,0,,ok,
734,MUSKAAN DENTALS,GURUGRAM,Empanelled Private Hospital,Tertiary,L1,private_all_l1,,28.511570,77.048200,52.50,estimated,0,,ok,
735,CENTRE FOR SIGHT GURGAON,GURUGRAM,Empanelled Private Hospital,Tertiary,L1,private_all_l1,,28.459150,77.084620,24.25,estimated,0,,ok,
736,MAYOM HOSPITAL,GURUGRAM,Empanelled Private Hospital,Tertiary,L1,private_all_l1,L2,30.379764,76.783149,44.33,real,1,91,ok,
737,SWAMI AMARDEV HOSPITAL,GURUGRAM,Empanelled Private Hospital,Tertiary,L1,private_all_l1,,28.899179,76.583504,39.35,estimated,0,,ok,
738,BHARAT VIKAS PARISHAD MAHARANAPRATAP NYAS,GURUGRAM,Empanelled Private Hospital,Tertiary,L1,private_all_l1,,29.532173,75.035084,18.84,estimated,0,,ok,
739,VIAAN EYE AND RETINA CENTRE,GURUGRAM,Empanelled Private Hospital,Tertiary,L1,private_all_l1,,29.316668,76.316666,37.62,estimated,0,,ok,
740,MANTHAN HOSPITAL,HISAR,Empanelled Private Hospital,Tertiary,L1,private_all_l1,,30.423534,76.774987,58.76,estimated,0,,ok,
741,SADBHAVNA HOSPITAL,HISAR,Empanelled Private Hospital,Tertiary,L1,private_all_l1,L2,30.137150,77.296990,44.39,estimated,0,747,ok,
742,SINGLA MEDICAL CENTER,HISAR,Empanelled Private Hospital,Tertiary,L1,private_all_l1,,29.132585,75.740976,47.22,estimated,0,,ok,
743,LAMBA MULTISPECIALTY HOSPITAL,HISAR,Empanelled Private Hospital,Tertiary,L1,private_all_l1,,29.158430,75.722860,50.66,estimated,0,,ok,
744,JAWA CHILD CARE CENTRE,HISAR,Empanelled Private Hospital,Tertiary,L1,private_all_l1,,30.168880,77.301910,21.22,estimated,0,,ok,
745,JAIPUR MULTISPECIALITY CENTRE,HISAR,Empanelled Private Hospital,Tertiary,L1,private_all_l1,,29.149200,75.721700,33.11,estimated,0,,ok,
746,BHALE RAM HOSPITAL,HISAR,Empanelled Private Hospital,Tertiary,L1,private_all_l1,,29.135160,75.741860,21.10,estimated,0,,ok,
747,BISHNOI NURSING HOME,HISAR,Empanelled Private Hospital,Tertiary,L1,private_all_l1,,28.913522,76.624074,40.31,estimated,0,,ok,
748,JAIN ORTHOPAEDIC HOSPITAL,HISAR,Empanelled Private Hospital,Tertiary,L1,private_all_l1,,29.169072,75.720842,48.69,estimated,0,,ok,
749,JD JINDAL HOSPITAL,HISAR,Empanelled Private Hospital,Tertiary,L1,private_all_l1,,28.467100,76.176900,48.30,estimated,0,,ok,
750,SURYA HOSPITAL,HISAR,Empanelled Private Hospital,Tertiary,L1,private_all_l1,,30.372000,76.817000,41.44,estimated,0,,ok,
751,GINNI ORTHOPAEDIC CENTRE,HISAR,Empanelled Private Hospital,Tertiary,L1,private_all_l1,,29.708530,75.907770,32.82,estimated,0,,ok,
752,LIFELINE INSTITUTE OF MEDICAL SCIENCES,HISAR,Empanelled Private Hospital,Tertiary,L1,private_all_l1,,29.174650,75.711300,52.32,estimated,0,,ok,
753,SUKHDA MULTISPECIALITY HOSPITAL,HISAR,Empanelled Private Hospital,Tertiary,L1,private_all_l1,L2,30.681750,76.848450,57.18,real,1,159,ok,
754,AAROGYA HOSPITAL,HISAR,Empanelled Private Hospital,Tertiary,L1,private_all_l1,,28.880580,76.627470,30.01,estimated,0,,ok,
755,SL MINDA MEMORIAL HOSPITAL,HISAR,Empanelled Private Hospital,Tertiary,L1,private_all_l1,,29.306020,76.311990,41.41,estimated,0,,ok,
756,VK NEUROCARE AND TRAUMA RESEARCH HOSPITAL,HISAR,Empanelled Private Hospital,Tertiary,L1,private_all_l1,,29.190010,75.472280,44.95,estimated,0,,ok,
757,SAI HOSPITAL,HISAR,Empanelled Private Hospital,Tertiary,L1,private_all_l1,,29.134580,75.742190,20.81,estimated,0,,ok,
758,BHARAT MULTISPECIALITY HOSPITAL HISAR HARYANA,HISAR,Empanelled Private Hospital,Tertiary,L1,private_all_l1,,29.135440,75.747870,31.43,estimated,0,,ok,
759,SHAKTI NEURO SCIENCE CENTRE,HISAR,Empanelled Private Hospital,Tertiary,L1,private_all_l1,L2,29.134803,75.747797,28.40,real,1,148,ok,
760,GUPTA HOSPITAL,HISAR,Empanelled Private Hospital,Tertiary,L1,private_all_l1,,29.696730,76.993070,41.34,estimated,0,,ok,
761,GEETANJALI HOPITAL,HISAR,Empanelled Private Hospital,Tertiary,L1,private_all_l1,L2,29.174013,75.713427,52.85,real,2,141,ok,
762,EYE Q VISION PVT LTD,HISAR,Empanelled Private Hospital,Tertiary,L1,private_all_l1,,29.133350,75.743150,38.92,estimated,0,,ok,
763,CHHABILDAS MEMORIAL HOSPITAL,HISAR,Empanelled Private Hospital,Tertiary,L1,private_all_l1,,29.004350,77.031870,19.67,estimated,0,,ok,
764,SEWAK SABHA CHARITABLE TRUST HOSPITAL,HISAR,Empanelled Private Hospital,Tertiary,L1,private_all_l1,,28.605500,76.653800,40.77,estimated,0,,ok,
765,SONAKSHI CHILDREN HOSPITAL,HISAR,Empanelled Private Hospital,Tertiary,L1,private_all_l1,,29.164220,75.715480,21.59,estimated,0,,ok,
766,CHAWLA NURSING HOME,HISAR,Empanelled Private Hospital,Tertiary,L1,private_all_l1,,30.158919,76.876256,61.86,estimated,0,,ok,
767,SHREE KALI DEVI EYE AND GENERAL HOSPITALL,HISAR,Empanelled Private Hospital,Tertiary,L1,private_all_l1,,29.732040,76.886820,49.59,estimated,0,,ok,
768,ORTHOMED HOSPITAL,HISAR,Empanelled Private Hospital,Tertiary,L1,private_all_l1,,29.532100,75.031800,39.81,estimated,0,,ok,
769,DELHI MULTISPECIALITY HOSPITAL,HISAR,Empanelled Private Hospital,Tertiary,L1,private_all_l1,,29.520100,76.614200,19.87,estimated,0,,ok,
770,GANGA HOSPITAL FOR SPECIAL SURGERY,HISAR,Empanelled Private Hospital,Tertiary,L1,private_all_l1,,30.169157,77.303372,15.34,estimated,0,,ok,
771,SAPRA MULTISPECIALITY HOSPITAL,HISAR,Empanelled Private Hospital,Tertiary,L1,private_all_l1,,28.797500,76.132200,37.58,estimated,0,,ok,
772,PRADEEP KANSAL MULTISPECIALITY HOSPITAL,HISAR,Empanelled Private Hospital,Tertiary,L1,private_all_l1,,28.612120,76.642870,36.06,estimated,0,,ok,
773,HOLY HOSPITAL,HISAR,Empanelled Private Hospital,Tertiary,L1,private_all_l1,,28.878000,76.916000,29.02,estimated,0,,ok,
774,SARVODAYA MULTISPECIALITY & CANCER HOSPITAL,HISAR,Empanelled Private Hospital,Tertiary,L1,private_all_l1,L2,29.391230,76.971240,56.88,real,2,151,ok,
775,AADHAR HEALTH INSTITUTE,HISAR,Empanelled Private Hospital,Tertiary,L1,private_all_l1,,29.141890,75.733550,55.98,estimated,0,,ok,
776,GOSWAMI HOSPITAL,HISAR,Empanelled Private Hospital,Tertiary,L1,private_all_l1,,28.593703,76.278784,26.28,estimated,0,,ok,
777,MRS PRANAMI HOSPITAL,HISAR,Empanelled Private Hospital,Tertiary,L1,private_all_l1,,30.157280,77.312660,29.24,estimated,0,,ok,
778,MEDICITY MULTISPECIALITY HOSPITAL AND NEURO CARE CENTER,HISAR,Empanelled Private Hospital,Tertiary,L1,private_all_l1,,28.328410,77.331110,42.17,estimated,0,,ok,
779,SAANVI HOSPITAL,HISAR,Empanelled Private Hospital,Tertiary,L1,private_all_l1,,28.599760,76.275460,33.53,estimated,0,,ok,
780,MAHATMA GANDHI INSTITUTE OF MEDICAL SCIENCES,HISAR,Empanelled Private Hospital,Tertiary,L1,private_all_l1,L1,29.716310,75.905680,46.68,real,1,153,ok,
781,CMC HOSPITAL,HISAR,Empanelled Private Hospital,Tertiary,L1,private_all_l1,,28.677750,76.178080,39.11,estimated,0,,ok,
782,GOBIND NURSING HOME,HISAR,Empanelled Private Hospital,Tertiary,L1,private_all_l1,,29.141430,76.130790,45.42,estimated,0,,ok,
783,GREEN TREE HOSPITAL A UNIT OF RAM HEALTH CARE,HISAR,Empanelled Private Hospital,Tertiary,L1,private_all_l1,,29.150110,75.725190,31.54,estimated,0,,ok,
784,AABHARI PLASTIC SURGERY CENTRE,HISAR,Empanelled Private Hospital,Tertiary,L1,private_all_l1,L2,29.364080,75.906780,47.69,estimated,0,1005,ok,
785,HOLY HELP HOSPITAL,HISAR,Empanelled Private Hospital,Tertiary,L1,private_all_l1,,30.361030,76.848550,33.14,estimated,0,,ok,
786,BALBIR CHILDREN HOSPITAL A UNIT OF BALBIR BOORA HEALTH CARE,HISAR,Empanelled Private Hospital,Tertiary,L1,private_all_l1,,28.053510,76.107290,49.61,estimated,0,,ok,
787,GARG HOSPITAL,HISAR,Empanelled Private Hospital,Tertiary,L1,private_all_l1,,29.361310,75.903120,27.34,estimated,0,,ok,
788,RAVINDRA NEONATAL HOSPITAL PVT LTD,HISAR,Empanelled Private Hospital,Tertiary,L1,private_all_l1,,29.095130,75.967050,46.49,estimated,0,,ok,
789,SATIJA HEALTH CARE,HISAR,Empanelled Private Hospital,Tertiary,L1,private_all_l1,,30.473720,77.121746,21.91,estimated,0,,ok,
790,SONI BURN AND PLADTIC SURGERY HOSPITAL,HISAR,Empanelled Private Hospital,Tertiary,L1,private_all_l1,,29.146160,75.729360,19.64,estimated,0,,ok,
791,JEEVANSHREE HOSPITAL,HISAR,Empanelled Private Hospital,Tertiary,L1,private_all_l1,,29.136270,75.720260,38.10,estimated,0,,ok,
792,AASTHA HOSPITAL,HISAR,Empanelled Private Hospital,Tertiary,L1,private_all_l1,,29.163631,75.716543,26.24,estimated,0,,ok,
793,MAAN EYE HOSPITAL,HISAR,Empanelled Private Hospital,Tertiary,L1,private_all_l1,,29.135290,75.739500,48.51,estimated,0,,ok,
794,JANKI CHILDREN HOSPITAL,HISAR,Empanelled Private Hospital,Tertiary,L1,private_all_l1,,29.025028,77.070353,37.45,estimated,0,,ok,
795,CH BHAGMAL CHARITABLE HOSPITAL,HISAR,Empanelled Private Hospital,Tertiary,L1,private_all_l1,,28.895515,76.606613,54.33,estimated,0,,ok,
796,SHREE BALAJI HOSPITAL,HISAR,Empanelled Private Hospital,Tertiary,L1,private_all_l1,,28.450000,77.020000,44.26,estimated,0,,ok,
797,RAVINDRA HOSPITAL AND HEART CENTRE,HISAR,Empanelled Private Hospital,Tertiary,L1,private_all_l1,L2,29.361633,75.906838,54.19,estimated,0,1014,ok,
798,SHARDA HOSPITAL,HISAR,Empanelled Private Hospital,Tertiary,L1,private_all_l1,,28.450200,77.032790,42.16,estimated,0,,ok,
799,AAKASH HOSPITAL,HISAR,Empanelled Private Hospital,Tertiary,L1,private_all_l1,,29.499218,76.631321,52.41,estimated,0,,ok,
800,DR RAM NARAIAN SONI ORTHO HOSPITAL,HISAR,Empanelled Private Hospital,Tertiary,L1,private_all_l1,,28.572430,76.653330,44.98,estimated,0,,ok,
801,ARORA ORTHOPAEDIC HOSPITAL,HISAR,Empanelled Private Hospital,Tertiary,L1,private_all_l1,,28.884860,76.616420,16.79,estimated,0,,ok,
802,NAVJEEVAN MULTISPECIALITY HOSPITAL,HISAR,Empanelled Private Hospital,Tertiary,L1,private_all_l1,,29.169710,75.720560,54.48,estimated,0,,ok,
803,AMANDEEP HOSPITAL,HISAR,Empanelled Private Hospital,Tertiary,L1,private_all_l1,,28.689411,76.890816,47.72,estimated,0,,ok,
804,SURYAA HOSPITAL,HISAR,Empanelled Private Hospital,Tertiary,L1,private_all_l1,,30.135232,77.281834,40.11,estimated,0,,ok,
805,GURU JAMBHESHWAR MULTISPECIALITY HOSPITAL,HISAR,Empanelled Private Hospital,Tertiary,L1,private_all_l1,,29.140024,75.734617,19.56,estimated,0,,ok,
806,KHALSA HOSPITAL MANAGEMENT,HISAR,Empanelled Private Hospital,Tertiary,L1,private_all_l1,L2,29.536535,75.025505,40.13,estimated,0,1020,ok,
807,MALIK HOSPITAL,HISAR,Empanelled Private Hospital,Tertiary,L1,private_all_l1,L2,28.450000,77.020000,41.38,estimated,0,1007,ok,
808,SANJIVANI MULTISPECIALITY HOSPITAL,HISAR,Empanelled Private Hospital,Tertiary,L1,private_all_l1,,28.470000,77.020000,57.41,estimated,0,,ok,
809,VARDAAN HOSPITAL,HISAR,Empanelled Private Hospital,Tertiary,L1,private_all_l1,,30.129048,77.267390,43.91,estimated,0,,ok,
810,SHANTI MISSION HOSPITAL,HISAR,Empanelled Private Hospital,Tertiary,L1,private_all_l1,,29.134220,75.742240,44.81,estimated,0,,ok,
811,SADBHAVNA MULTISPECIALITY HOSPITAL,HISAR,Empanelled Private Hospital,Tertiary,L1,private_all_l1,,29.386300,76.972100,57.68,estimated,0,,ok,
812,DR. ANANT RAM JANTA HOSPITAL PVT. LTD.,HISAR,Empanelled Private Hospital,Tertiary,L1,private_all_l1,,29.499500,75.882401,25.17,estimated,0,,ok,
813,ELLORA EVE CARE HOSPITAL AND IVF CENTER,HISAR,Empanelled Private Hospital,Tertiary,L1,private_all_l1,,29.799592,76.414890,51.31,estimated,0,,ok,
814,OMKAR MULTISPECIALITY HOSPITAL,JHAJJAR,Empanelled Private Hospital,Tertiary,L1,private_all_l1,L2,28.192000,76.619100,32.72,estimated,0,215,ok,
815,AAYUSHMAN MULTISPECIALITY HOSPITAL & TRAUMA CENTRE,JHAJJAR,Empanelled Private Hospital,Tertiary,L1,private_all_l1,,28.893998,76.608778,41.33,estimated,0,,ok,
816,DIWAN HOSPITAL,JHAJJAR,Empanelled Private Hospital,Tertiary,L1,private_all_l1,,28.426700,75.809408,48.61,estimated,0,,ok,
817,AASHIRWAD MULTISPECIALITY HOSPITAL AND TRAUMA CENTRE,JHAJJAR,Empanelled Private Hospital,Tertiary,L1,private_all_l1,L2,28.690119,76.938080,38.83,real,1,216,ok,
818,JJ INSTITUTE OF MEDICAL SCIENCES PVT.LTD,JHAJJAR,Empanelled Private Hospital,Tertiary,L1,private_all_l1,,29.315192,76.321573,51.53,estimated,0,,ok,
819,BRAHM SHAKTI SANJIVANI SUPERSPECIALITY HOSPITAL,JHAJJAR,Empanelled Private Hospital,Tertiary,L1,private_all_l1,,29.134850,75.746290,23.88,estimated,0,,ok,
820,EYE Q VISION PVT LTD,JHAJJAR,Empanelled Private Hospital,Tertiary,L1,private_all_l1,,28.690720,76.938740,63.35,estimated,0,,ok,
821,ADVANTA SUPER SPECIALITY HOSPITAL,JHAJJAR,Empanelled Private Hospital,Tertiary,L1,private_all_l1,,30.365947,76.792764,23.65,estimated,0,,ok,
822,R J SUPER SPECIALITY HOSPITAL,JHAJJAR,Empanelled Private Hospital,Tertiary,L1,private_all_l1,,28.384870,77.367430,42.48,estimated,0,,ok,
823,DELHI HOSPITAL AND NURSING HOME BAHADURGARH,JHAJJAR,Empanelled Private Hospital,Tertiary,L1,private_all_l1,,28.689810,76.940630,51.30,estimated,0,,ok,
824,WORLD COLLEGE OF MEDICAL SCIENCES AND RESEARCH AND HOSPITAL,JHAJJAR,Empanelled Private Hospital,Tertiary,L1,private_all_l1,,30.280820,77.312087,14.31,estimated,0,,ok,
825,OSCAR SUPERSPECIALITY HOSPITAL & TRAUMA CENTER  PVT LTD,JHAJJAR,Empanelled Private Hospital,Tertiary,L1,private_all_l1,,28.334630,77.210720,9.54,estimated,0,,ok,
826,SWASTIK HOSPITAL,JHAJJAR,Empanelled Private Hospital,Tertiary,L1,private_all_l1,,28.607910,76.657180,37.72,estimated,0,,ok,
827,ADIYOGI AROGYA AVENUE,JHAJJAR,Empanelled Private Hospital,Tertiary,L1,private_all_l1,,29.502562,75.469043,12.50,estimated,0,,ok,
828,SHIVAM HOSPITAL UNIT OF R R HOSPITALS PVT LTD,JHAJJAR,Empanelled Private Hospital,Tertiary,L1,private_all_l1,,28.446440,76.991560,39.43,estimated,0,,ok,
829,RATHI EYE HOSPITAL OPC PRIVATE LIMITED,JHAJJAR,Empanelled Private Hospital,Tertiary,L1,private_all_l1,,28.605600,76.653940,39.62,estimated,0,,ok,
830,ASHAKIRAN HOSPITAL,JHAJJAR,Empanelled Private Hospital,Tertiary,L1,private_all_l1,,29.399985,76.967783,21.15,estimated,0,,ok,
831,DDK GLOBAL HOSPITAL,JHAJJAR,Empanelled Private Hospital,Tertiary,L1,private_all_l1,,29.537618,75.028235,17.31,estimated,0,,ok,
832,MEDICARE SUPERSPECIALITY HOSPITAL AND TRAUMA CENTRE A UNIT OF COMFORTPLUS DISTRIBUTION PVT LTD,JHAJJAR,Empanelled Private Hospital,Tertiary,L1,private_all_l1,L2,28.042140,76.113810,38.43,real,1,219,ok,
833,7 MED INDIA PRIVATE LIMITED,JHAJJAR,Empanelled Private Hospital,Tertiary,L1,private_all_l1,,28.143270,77.326980,18.20,estimated,0,,ok,
834,DR. SANJAY MULTI SPECIALITY HOSPITAL PVT. LTD.,JHAJJAR,Empanelled Private Hospital,Tertiary,L1,private_all_l1,,29.514620,75.450490,39.85,estimated,0,,ok,
835,RS GAUR GLOBAL MULTISPECIALITY HOSPITAL PVT LTD,JHAJJAR,Empanelled Private Hospital,Tertiary,L1,private_all_l1,,29.984770,76.582230,42.64,estimated,0,,ok,
836,SWASTHYA MULTISPECIALITY HOSPITAL PVT. LTD.,JHAJJAR,Empanelled Private Hospital,Tertiary,L1,private_all_l1,,30.140030,77.290101,44.60,estimated,0,,ok,
837,RAJVIR EYE HOSPITAL,JHAJJAR,Empanelled Private Hospital,Tertiary,L1,private_all_l1,,28.803846,76.142759,39.65,estimated,0,,ok,
838,AASTHA HOSPITAL & MATERNITY CENTER,JIND,Empanelled Private Hospital,Tertiary,L1,private_all_l1,,29.593610,76.124786,43.29,estimated,0,,ok,
839,SHREE GYANI RAM MEMORIAL HOSPITAL,JIND,Empanelled Private Hospital,Tertiary,L1,private_all_l1,,28.607111,76.656914,36.27,estimated,0,,ok,
840,OSCAR HEART CARE POISON AND ICU CARE CENTRE A UNIT OF OSCAR HEALTH SERVICES,JIND,Empanelled Private Hospital,Tertiary,L1,private_all_l1,,28.382230,75.959500,31.44,estimated,0,,ok,
841,NARAYANA HOSPITAL,JIND,Empanelled Private Hospital,Tertiary,L1,private_all_l1,,28.991450,77.034250,42.77,estimated,0,,ok,
842,JIND HEART HOSPITAL,JIND,Empanelled Private Hospital,Tertiary,L1,private_all_l1,,30.372600,76.784900,39.34,estimated,0,,ok,
843,BAL DHARAMARTH HOSPITAL SAMITI,JIND,Empanelled Private Hospital,Tertiary,L1,private_all_l1,,28.495357,77.011484,35.18,estimated,0,,ok,
844,SARASWATI EYE CARE CENTRE,JIND,Empanelled Private Hospital,Tertiary,L1,private_all_l1,,28.433330,77.059400,38.42,estimated,0,,ok,
845,MEENAKSHI JAIN HOSPITAL,JIND,Empanelled Private Hospital,Tertiary,L1,private_all_l1,,29.314060,76.325300,51.76,estimated,0,,ok,
846,MANGLA HOSPITAL,JIND,Empanelled Private Hospital,Tertiary,L1,private_all_l1,,29.313710,76.324850,38.00,estimated,0,,ok,
847,GOEL ORTHOPAEDIC CENTRE,JIND,Empanelled Private Hospital,Tertiary,L1,private_all_l1,L2,28.690000,76.920000,29.03,real,2,255,ok,
848,SARVODYA HOSPITAL JIND,JIND,Empanelled Private Hospital,Tertiary,L1,private_all_l1,L2,29.283745,75.472216,42.33,real,1,977,ok,
849,AASTHA HOSPITAL,JIND,Empanelled Private Hospital,Tertiary,L1,private_all_l1,,28.197910,76.609098,53.44,estimated,0,,ok,
850,UROCARE SARDAR SINGH UROLOGY CENTRE AND STONE CLINIC,JIND,Empanelled Private Hospital,Tertiary,L1,private_all_l1,,30.136444,77.279946,47.82,estimated,0,,ok,
851,METRO JIND HOSPITAL & ICU,JIND,Empanelled Private Hospital,Tertiary,L1,private_all_l1,,29.540000,75.020000,44.42,estimated,0,,ok,
852,MITTAL EYE HOSPITAL,JIND,Empanelled Private Hospital,Tertiary,L1,private_all_l1,,28.965895,76.296394,45.98,estimated,0,,ok,
853,SHARMA EYE HOSPITAL,JIND,Empanelled Private Hospital,Tertiary,L1,private_all_l1,,29.379894,76.968147,33.31,estimated,0,,ok,
854,OM MULTISPECIALITY  HOSPITAL & TRAUMA CENTER,KAITHAL,Empanelled Private Hospital,Tertiary,L1,private_all_l1,,29.364188,75.905675,48.22,estimated,0,,ok,
855,LIFE CARE HOSPITAL,KAITHAL,Empanelled Private Hospital,Tertiary,L1,private_all_l1,L2,29.539420,75.031580,32.18,real,1,741,ok,
856,CYGNUS SUPERSPECIALITY HOSPITAL,KAITHAL,Empanelled Private Hospital,Tertiary,L1,private_all_l1,,29.972580,76.843160,56.11,estimated,0,,ok,
857,SHAH HOSPITAL,KAITHAL,Empanelled Private Hospital,Tertiary,L1,private_all_l1,L2,30.154950,77.308940,61.78,real,1,731,ok,
858,ASHIRWAD MATERNITY & INFERTILITY HOSPITAL,KAITHAL,Empanelled Private Hospital,Tertiary,L1,private_all_l1,,30.171551,77.288724,63.87,estimated,0,,ok,
859,JINDAL ORTHO SURGICAL & DENTAL HOSPITAL,KAITHAL,Empanelled Private Hospital,Tertiary,L1,private_all_l1,L2,30.337271,76.862627,43.13,real,1,874,ok,
860,SHRI JAI PARKASH HOSPITAL,KAITHAL,Empanelled Private Hospital,Tertiary,L1,private_all_l1,,28.895520,76.606610,50.24,estimated,0,,ok,
861,JAIPUR HOSPITAL,KAITHAL,Empanelled Private Hospital,Tertiary,L1,private_all_l1,,29.164300,75.718040,51.24,estimated,0,,ok,
862,KANSAL.HOSPITAL,KAITHAL,Empanelled Private Hospital,Tertiary,L1,private_all_l1,,29.969610,76.819750,59.78,estimated,0,,ok,
863,JAIN HOSPITAL,KAITHAL,Empanelled Private Hospital,Tertiary,L1,private_all_l1,L2,29.806650,76.405390,49.93,real,2,736,ok,
864,MITTAL SURGICAL AND MATERNITY HOSPITAL,KAITHAL,Empanelled Private Hospital,Tertiary,L1,private_all_l1,L2,28.128120,76.601560,39.65,real,1,875,ok,
865,KIRTI HOSPITAL,KAITHAL,Empanelled Private Hospital,Tertiary,L1,private_all_l1,L2,29.511780,75.455220,41.70,real,1,737,ok,
866,JANTA MULTISPECIALITY HOSPITAL,KAITHAL,Empanelled Private Hospital,Tertiary,L1,private_all_l1,L2,28.690020,76.947760,51.85,real,1,738,ok,
867,SOOD HOSPITAL,KAITHAL,Empanelled Private Hospital,Tertiary,L1,private_all_l1,L2,30.666940,76.856241,35.20,real,1,739,ok,
868,GUPTA MULTI SPECIALITY HOSPITAL,KAITHAL,Empanelled Private Hospital,Tertiary,L1,private_all_l1,L2,28.478600,77.053600,21.28,real,1,740,ok,
869,UTTAM CLINIC CUM HOSPITAL,KARNAL,Empanelled Private Hospital,Tertiary,L1,private_all_l1,,28.759992,76.626644,23.70,estimated,0,,ok,
870,NP RAWAL HOSPITALS PRIVATE LIMITED,KARNAL,Empanelled Private Hospital,Tertiary,L1,private_all_l1,,29.466230,75.478923,32.29,estimated,0,,ok,
871,RAMA SUPERSPECIALITY AND CRITICAL CARE HOSPITAL,KARNAL,Empanelled Private Hospital,Tertiary,L1,private_all_l1,,28.433330,77.059400,57.44,estimated,0,,ok,
872,SANJIV BANSAL CYGNUS HOSPITAL,KARNAL,Empanelled Private Hospital,Tertiary,L1,private_all_l1,,29.695770,76.993060,17.80,estimated,0,,ok,
873,BALAJI HOSPITAL,KARNAL,Empanelled Private Hospital,Tertiary,L1,private_all_l1,L2,29.692100,76.974450,29.10,real,1,311,ok,
874,MIMANI HOSPITAL,KARNAL,Empanelled Private Hospital,Tertiary,L1,private_all_l1,,29.306660,76.316870,55.50,estimated,0,,ok,
875,VIRK HOSPITAL PVT LTD,KARNAL,Empanelled Private Hospital,Tertiary,L1,private_all_l1,L2,29.682420,76.994130,58.28,real,1,348,ok,
876,DR KC SACHDEVA HOSPITAL,KARNAL,Empanelled Private Hospital,Tertiary,L1,private_all_l1,,29.694020,76.989260,41.98,estimated,0,,ok,
877,MIGLANI NURSING HOME,KARNAL,Empanelled Private Hospital,Tertiary,L1,private_all_l1,,28.464543,77.091274,32.53,estimated,0,,ok,
878,SUSHIL GARG HOSPITAL,KARNAL,Empanelled Private Hospital,Tertiary,L1,private_all_l1,L2,29.467312,75.068433,1.40,real,2,315,ok,
879,SARASWATI NETHRALAYA,KARNAL,Empanelled Private Hospital,Tertiary,L1,private_all_l1,,29.132550,75.738090,22.44,estimated,0,,ok,
880,PARK HOSPITAL A UNIT OF DMR HOSPITALS PVT LTD,KARNAL,Empanelled Private Hospital,Tertiary,L1,private_all_l1,,29.693810,76.987280,18.99,estimated,0,,ok,
881,BHATNAGAR EYE CARE CENTRE,KARNAL,Empanelled Private Hospital,Tertiary,L1,private_all_l1,,28.253780,76.144190,17.46,estimated,0,,ok,
882,SURYA HOSPITAL,KARNAL,Empanelled Private Hospital,Tertiary,L1,private_all_l1,,29.314450,76.323690,33.84,estimated,0,,ok,
883,SHREE HARI HOSPITAL,KARNAL,Empanelled Private Hospital,Tertiary,L1,private_all_l1,L2,29.691980,76.990900,46.83,real,1,320,ok,
884,HARYANA HOSPITAL,KARNAL,Empanelled Private Hospital,Tertiary,L1,private_all_l1,,29.685690,76.990480,38.29,estimated,0,,ok,
885,THAKUR EYE AND MATERNITY HOSPITAL,KARNAL,Empanelled Private Hospital,Tertiary,L1,private_all_l1,,29.687480,77.008240,7.82,estimated,0,,ok,
886,SH MOOLCHAND KIDNEY HOSPITAL AND UROLOGICAL INSTITUTE,KARNAL,Empanelled Private Hospital,Tertiary,L1,private_all_l1,,29.688090,76.991760,28.84,estimated,0,,ok,
887,ARPANA HOSPITAL,KARNAL,Empanelled Private Hospital,Tertiary,L1,private_all_l1,L2,29.067870,75.490900,51.83,real,1,323,ok,
888,SETH HOSPITAL,KARNAL,Empanelled Private Hospital,Tertiary,L1,private_all_l1,,29.606370,76.977500,38.66,estimated,0,,ok,
889,HARYANA NURSING HOME,KARNAL,Empanelled Private Hospital,Tertiary,L1,private_all_l1,L3,28.692298,76.931621,36.13,real,1,325,ok,
890,MEDLINE HOSPITAL,KARNAL,Empanelled Private Hospital,Tertiary,L1,private_all_l1,,29.137600,75.738200,32.98,estimated,0,,ok,
891,GLOBAL CRADLE HOSPITAL,KARNAL,Empanelled Private Hospital,Tertiary,L1,private_all_l1,,29.694993,76.991602,35.68,estimated,0,,ok,
892,AMRITDHARA MY HOSPITAL,KARNAL,Empanelled Private Hospital,Tertiary,L1,private_all_l1,L2,29.692878,76.974828,57.33,real,1,328,ok,
893,DR DHARAM DEV MEMORIAL HOSPITAL,KARNAL,Empanelled Private Hospital,Tertiary,L1,private_all_l1,L2,30.706848,76.846150,28.58,real,2,329,ok,
894,OM HOSPITAL,KARNAL,Empanelled Private Hospital,Tertiary,L1,private_all_l1,,29.130180,75.744830,22.67,estimated,0,,ok,
895,PARVEEN HOSPITAL PVT LTD KARNAL,KARNAL,Empanelled Private Hospital,Tertiary,L1,private_all_l1,,29.312020,76.328280,32.92,estimated,0,,ok,
896,ARORA EYE AND LASIK LASER CENTRE,KARNAL,Empanelled Private Hospital,Tertiary,L1,private_all_l1,,29.693360,76.990280,47.98,estimated,0,,ok,
897,PARAS NURSING HOME,KARNAL,Empanelled Private Hospital,Tertiary,L1,private_all_l1,,29.682950,77.008340,17.49,estimated,0,,ok,
898,AASHIRWAD ADVANCED HEART LUNG AND CRITICAL CARE CENTRE,KARNAL,Empanelled Private Hospital,Tertiary,L1,private_all_l1,,29.411501,76.970439,39.49,estimated,0,,ok,
899,PRP HOSPITAL KIDNEY CENTRE & BLOOD BANK,KARNAL,Empanelled Private Hospital,Tertiary,L1,private_all_l1,,28.325514,76.778218,54.52,estimated,0,,ok,
900,DUA MULTI SPECIALTY HOSPITAL,KARNAL,Empanelled Private Hospital,Tertiary,L1,private_all_l1,L2,28.268350,76.150930,47.55,real,1,336,ok,
901,SATYAM HOSPITAL,KARNAL,Empanelled Private Hospital,Tertiary,L1,private_all_l1,L2,29.129060,75.733910,32.12,estimated,0,337,ok,
902,ROHIT KATHPALIA UROLOGY CENTER,KARNAL,Empanelled Private Hospital,Tertiary,L1,private_all_l1,L2,28.792060,76.130640,49.24,estimated,0,338,ok,
903,AMAR HOSPITAL,KARNAL,Empanelled Private Hospital,Tertiary,L1,private_all_l1,,29.511770,75.455220,39.22,estimated,0,,ok,
904,NEERA NURSING HOME,KARNAL,Empanelled Private Hospital,Tertiary,L1,private_all_l1,,28.137370,77.321680,28.66,estimated,0,,ok,
905,JAGDAMBA BABY CARE CENTRE,KARNAL,Empanelled Private Hospital,Tertiary,L1,private_all_l1,,29.694120,76.991020,36.72,estimated,0,,ok,
906,GURU NANAK HOSPITAL,KARNAL,Empanelled Private Hospital,Tertiary,L1,private_all_l1,,29.682746,76.999886,47.84,estimated,0,,ok,
907,BHATIA ORTHOPAEDIC CENTRE KARNAL,KARNAL,Empanelled Private Hospital,Tertiary,L1,private_all_l1,L2,29.991510,76.588860,15.15,real,1,343,ok,
908,DR.RISHI EYE INSTITUTE,KARNAL,Empanelled Private Hospital,Tertiary,L1,private_all_l1,,29.165870,75.719420,35.00,estimated,0,,ok,
909,SHRI RAM CHAND MEMORIAL HOSPITAL PVT. LTD.,KARNAL,Empanelled Private Hospital,Tertiary,L1,private_all_l1,L2,29.136860,75.721120,45.00,real,2,345,ok,
910,SHRI SANATAN DHARAM MAHABIR DAL HOSPITAL,KARNAL,Empanelled Private Hospital,Tertiary,L1,private_all_l1,,29.140340,75.742470,50.53,estimated,0,,ok,
911,THAKUR HOSPITAL,KARNAL,Empanelled Private Hospital,Tertiary,L1,private_all_l1,,29.592957,76.119247,34.28,estimated,0,,ok,
912,RADHAKISHAN HOSPITAL,KURUKSHETRA,Empanelled Private Hospital,Tertiary,L1,private_all_l1,,29.974220,76.842570,57.95,estimated,0,,ok,
913,SIMSS HOSPITAL KURUKSHETRA,KURUKSHETRA,Empanelled Private Hospital,Tertiary,L1,private_all_l1,,29.694540,76.997260,24.90,estimated,0,,ok,
914,SIDHARTH HOSPITAL,KURUKSHETRA,Empanelled Private Hospital,Tertiary,L1,private_all_l1,,28.607910,76.657180,54.12,estimated,0,,ok,
915,CYGNUS SUPER SPECIALTY HOSPITAL KURUKSHETRA,KURUKSHETRA,Empanelled Private Hospital,Tertiary,L1,private_all_l1,,30.158280,76.874820,43.31,estimated,0,,ok,
916,ADESH MEDICAL COLLEGE AND HOSPITAL,KURUKSHETRA,Empanelled Private Hospital,Tertiary,L1,private_all_l1,,29.971680,76.836900,19.69,estimated,0,,ok,
917,AGARWAL NURSING HOME,KURUKSHETRA,Empanelled Private Hospital,Tertiary,L1,private_all_l1,,28.198260,76.624400,56.62,estimated,0,,ok,
918,S MEHTA SURGICAL AND MATERNITY,KURUKSHETRA,Empanelled Private Hospital,Tertiary,L1,private_all_l1,,29.966260,76.841310,48.09,estimated,0,,ok,
919,SARASWATI MISSION HOSPITAL,KURUKSHETRA,Empanelled Private Hospital,Tertiary,L1,private_all_l1,,29.969510,76.878280,31.16,estimated,0,,ok,
920,SARASWATI MISSION HOSPITAL,KURUKSHETRA,Empanelled Private Hospital,Tertiary,L1,private_all_l1,,29.988529,76.588343,30.43,estimated,0,,ok,
921,BS HEART CARE AND MULTISPECIALITY HOSPITAL,KURUKSHETRA,Empanelled Private Hospital,Tertiary,L1,private_all_l1,L2,29.966741,76.830105,54.55,real,1,377,ok,
922,SOBTI NURSING HOME,KURUKSHETRA,Empanelled Private Hospital,Tertiary,L1,private_all_l1,,29.974530,76.861180,40.76,estimated,0,,ok,
923,SAINI  EYE  CARE  CENTRE,KURUKSHETRA,Empanelled Private Hospital,Tertiary,L1,private_all_l1,,29.686930,76.990480,30.28,estimated,0,,ok,
924,SHRI BALAJI AAROGYAM HOSPITAL,KURUKSHETRA,Empanelled Private Hospital,Tertiary,L1,private_all_l1,,29.974450,76.876650,37.83,estimated,0,,ok,
925,KURUKSHETRA NURSING HOME,KURUKSHETRA,Empanelled Private Hospital,Tertiary,L1,private_all_l1,,30.152306,77.308324,23.25,estimated,0,,ok,
926,BHASKAR HOSPITAL,KURUKSHETRA,Empanelled Private Hospital,Tertiary,L1,private_all_l1,,28.928774,77.091278,55.04,estimated,0,,ok,
927,LIFE CARE HOSPITAL,KURUKSHETRA,Empanelled Private Hospital,Tertiary,L1,private_all_l1,,30.378118,76.776695,29.97,estimated,0,,ok,
928,P D MEMORIAL CHAUHAN EYE AND MATERNITY HOSPITAL,KURUKSHETRA,Empanelled Private Hospital,Tertiary,L1,private_all_l1,,29.685630,76.990550,48.02,estimated,0,,ok,
929,VIRK HOSPITAL,KURUKSHETRA,Empanelled Private Hospital,Tertiary,L1,private_all_l1,,28.040007,76.109993,33.81,estimated,0,,ok,
930,VARDHA HEALTHCARE MULTISPECIALITY NURSING HOME,KURUKSHETRA,Empanelled Private Hospital,Tertiary,L1,private_all_l1,,29.969957,76.837543,55.11,estimated,0,,ok,
931,DR VEENA CHOWDHARY FOUNDATION EYE HOSPITAL,KURUKSHETRA,Empanelled Private Hospital,Tertiary,L1,private_all_l1,,28.183332,76.616669,55.44,estimated,0,,ok,
932,NEW APNA HOSPITAL  HOUSE NUMBER 163& RED ROAD KKR,KURUKSHETRA,Empanelled Private Hospital,Tertiary,L1,private_all_l1,,29.695880,76.992050,42.20,estimated,0,,ok,
933,MIRI PIRI INSTITUTE OF MEDICAL SCIENCES AND RESEARCH,KURUKSHETRA,Empanelled Private Hospital,Tertiary,L1,private_all_l1,L1,28.786862,76.130802,37.20,real,2,382,ok,
934,SONI ORTHOPEDIC HOSPITAL,KURUKSHETRA,Empanelled Private Hospital,Tertiary,L1,private_all_l1,,28.798734,76.143683,40.10,estimated,0,,ok,
935,APNA HOSPITAL,KURUKSHETRA,Empanelled Private Hospital,Tertiary,L1,private_all_l1,,29.133130,75.746110,42.45,estimated,0,,ok,
936,MAHARAJA AGRASEN HOSPITAL,KURUKSHETRA,Empanelled Private Hospital,Tertiary,L1,private_all_l1,,28.061460,76.107160,38.71,estimated,0,,ok,
937,BALAJI HOSPITAL &TRAUMA CENTRE,KURUKSHETRA,Empanelled Private Hospital,Tertiary,L1,private_all_l1,,29.804150,76.406360,31.81,estimated,0,,ok,
938,SHRI GURU NANAK DEV CHARITABLE EYE & DENTAL HOSPITAL,KURUKSHETRA,Empanelled Private Hospital,Tertiary,L1,private_all_l1,,30.371472,76.787912,51.65,estimated,0,,ok,
939,SPARSH SURGICAL LAPAROSCOPIC & MATERNITY HOSPITAL,KURUKSHETRA,Empanelled Private Hospital,Tertiary,L1,private_all_l1,,28.825215,76.316391,12.13,estimated,0,,ok,
940,HAYER HOSPITAL,KURUKSHETRA,Empanelled Private Hospital,Tertiary,L1,private_all_l1,L2,28.797500,76.132200,40.66,estimated,0,1011,ok,
941,KAMBOJ HOSPITAL,KURUKSHETRA,Empanelled Private Hospital,Tertiary,L1,private_all_l1,,30.155500,76.877400,64.27,estimated,0,,ok,
942,POOJA HOSPITAL,MAHENDRAGARH,Empanelled Private Hospital,Tertiary,L1,private_all_l1,,29.388880,76.991410,44.01,estimated,0,,ok,
943,SHRI ARVIND HEART AND MULTISPECIALITY HOSPITAL,MAHENDRAGARH,Empanelled Private Hospital,Tertiary,L1,private_all_l1,,29.389463,76.969130,25.84,estimated,0,,ok,
944,G K SUPER SPECIALITY HOSPITAL,MAHENDRAGARH,Empanelled Private Hospital,Tertiary,L1,private_all_l1,,28.125240,76.101750,30.14,estimated,0,,ok,
945,VIJAY HOSPITAL,MAHENDRAGARH,Empanelled Private Hospital,Tertiary,L1,private_all_l1,,30.247910,76.854000,19.41,estimated,0,,ok,
946,KRISHNA EYE HOSPITAL,MAHENDRAGARH,Empanelled Private Hospital,Tertiary,L1,private_all_l1,,29.695400,76.989130,32.04,estimated,0,,ok,
947,KRISHNA EYE HOSPITAL,MAHENDRAGARH,Empanelled Private Hospital,Tertiary,L1,private_all_l1,,28.384760,77.302160,38.26,estimated,0,,ok,
948,SAMVEDNA HOSPITAL,MAHENDRAGARH,Empanelled Private Hospital,Tertiary,L1,private_all_l1,,28.057200,76.101130,62.54,estimated,0,,ok,
949,GANGA DEVI PANDEY EYE HOSPITAL,MAHENDRAGARH,Empanelled Private Hospital,Tertiary,L1,private_all_l1,,28.057220,76.105320,23.18,estimated,0,,ok,
950,IMRAN ENT HOSPITAL,MAHENDRAGARH,Empanelled Private Hospital,Tertiary,L1,private_all_l1,,29.973510,76.838210,31.72,estimated,0,,ok,
951,JAIPUR HEART & GENERAL HOSPITAL,MAHENDRAGARH,Empanelled Private Hospital,Tertiary,L1,private_all_l1,,28.183332,76.616669,41.09,estimated,0,,ok,
952,SAVITRI DEVI EYE HOSPITAL,MAHENDRAGARH,Empanelled Private Hospital,Tertiary,L1,private_all_l1,,28.045640,76.115018,39.15,estimated,0,,ok,
953,LAXMI NARAYAN HOSPITAL,MAHENDRAGARH,Empanelled Private Hospital,Tertiary,L1,private_all_l1,,28.897200,76.609690,39.73,estimated,0,,ok,
954,SHANTI HOSPITAL,MAHENDRAGARH,Empanelled Private Hospital,Tertiary,L1,private_all_l1,,29.130770,75.744130,46.75,estimated,0,,ok,
955,C B M HEALTH CARE,MAHENDRAGARH,Empanelled Private Hospital,Tertiary,L1,private_all_l1,,28.796725,76.145843,34.59,estimated,0,,ok,
956,OM HOSPITAL,MAHENDRAGARH,Empanelled Private Hospital,Tertiary,L1,private_all_l1,,29.137330,76.694410,38.49,estimated,0,,ok,
957,SINGHAL MEDICAL SURGICAL & MATERNITY CENTRE,MAHENDRAGARH,Empanelled Private Hospital,Tertiary,L1,private_all_l1,,28.396420,77.295200,30.33,estimated,0,,ok,
958,BANSAL EYE CARE HOSPITAL,MAHENDRAGARH,Empanelled Private Hospital,Tertiary,L1,private_all_l1,,29.058780,76.085600,46.01,estimated,0,,ok,
959,GOYAL NETRA CHIKITSHALAY,MAHENDRAGARH,Empanelled Private Hospital,Tertiary,L1,private_all_l1,,29.954520,74.696590,13.23,estimated,0,,ok,
960,YADAV ORTHO AND MULTISPECILITY HOSPITAL,MAHENDRAGARH,Empanelled Private Hospital,Tertiary,L1,private_all_l1,,28.275250,76.139370,33.54,estimated,0,,ok,
961,GETWELL HOSPITAL,MAHENDRAGARH,Empanelled Private Hospital,Tertiary,L1,private_all_l1,,30.144450,77.287040,36.57,estimated,0,,ok,
962,RAINBOW MULTISPECILALITY HOSPITAL & TRAUMA CENTRE,MAHENDRAGARH,Empanelled Private Hospital,Tertiary,L1,private_all_l1,,29.149200,75.721700,46.01,estimated,0,,ok,
963,DEVANSH HOSPITAL,MEWAT,Empanelled Private Hospital,Tertiary,L1,private_all_l1,,29.801674,76.410579,10.99,estimated,0,,ok,
964,FAMILY HOSPITAL AND SURGICAL CENTRE,MEWAT,Empanelled Private Hospital,Tertiary,L1,private_all_l1,,30.670840,76.860540,20.81,estimated,0,,ok,
965,SRI SATHYA SAI SANJEEVANI INTERNATIONAL CENTRE FOR CHILD HEART CARE AND RESEARCH,PALWAL,Empanelled Private Hospital,Tertiary,L1,private_all_l1,,28.053020,76.113500,20.57,estimated,0,,ok,
966,RAHUL NURSING HOME,PALWAL,Empanelled Private Hospital,Tertiary,L1,private_all_l1,,28.265255,76.149675,27.20,estimated,0,,ok,
967,PALWAL HOSPITAL,PALWAL,Empanelled Private Hospital,Tertiary,L1,private_all_l1,,28.144580,77.335550,45.07,estimated,0,,ok,
968,GURU NANAK HOSPITAL,PALWAL,Empanelled Private Hospital,Tertiary,L1,private_all_l1,,29.974710,76.880700,54.11,estimated,0,,ok,
969,COSMOS HOSPITAL,PALWAL,Empanelled Private Hospital,Tertiary,L1,private_all_l1,,28.154550,77.330380,31.93,estimated,0,,ok,
970,GOLDEN HOSPITAL,PALWAL,Empanelled Private Hospital,Tertiary,L1,private_all_l1,,28.599140,76.273380,44.37,estimated,0,,ok,
971,GOYAL NURSING HOME,PALWAL,Empanelled Private Hospital,Tertiary,L1,private_all_l1,,29.005550,77.035590,25.84,estimated,0,,ok,
972,SHRI SAI HOSPITAL,PALWAL,Empanelled Private Hospital,Tertiary,L1,private_all_l1,,28.192454,76.618815,54.25,estimated,0,,ok,
973,PRABHA EYE HOSPITAL,PALWAL,Empanelled Private Hospital,Tertiary,L1,private_all_l1,,28.176230,77.342040,39.41,estimated,0,,ok,
974,SACHIN HOSPITAL,PALWAL,Empanelled Private Hospital,Tertiary,L1,private_all_l1,,28.144480,77.335740,43.07,estimated,0,,ok,
975,MANOJ HOSPITAL & TRAUMA CENTRE,PALWAL,Empanelled Private Hospital,Tertiary,L1,private_all_l1,,29.151861,75.721123,20.49,estimated,0,,ok,
976,RAFFELS HOSPITAL,PANCHKULA,Empanelled Private Hospital,Tertiary,L1,private_all_l1,,28.981230,77.016770,2.56,estimated,0,,ok,
977,MALIK MEDICAL AND DIAGNOSTIC CENTRE,PANCHKULA,Empanelled Private Hospital,Tertiary,L1,private_all_l1,,28.052630,76.110090,32.41,estimated,0,,ok,
978,DR BAKSHI GUPTA EYE CARE CENTRE,PANCHKULA,Empanelled Private Hospital,Tertiary,L1,private_all_l1,,29.543762,75.028999,38.81,estimated,0,,ok,
979,INSTITUTE OF REPRODUCATION & CHILD CARES,PANCHKULA,Empanelled Private Hospital,Tertiary,L1,private_all_l1,,29.806100,76.405010,32.33,estimated,0,,ok,
980,RADHI DEVI AMRAVATI POLYCLINIC,PANCHKULA,Empanelled Private Hospital,Tertiary,L1,private_all_l1,,29.803640,76.415890,50.80,estimated,0,,ok,
981,NAVDEEP HOSPITAL,PANCHKULA,Empanelled Private Hospital,Tertiary,L1,private_all_l1,,29.390050,76.969490,38.85,estimated,0,,ok,
982,A ONE CREATIONS PVT LTD,PANCHKULA,Empanelled Private Hospital,Tertiary,L1,private_all_l1,,28.471970,77.020910,45.61,estimated,0,,ok,
983,DRISHTI EYE HOSPITAL,PANCHKULA,Empanelled Private Hospital,Tertiary,L1,private_all_l1,,28.987650,77.004180,48.98,estimated,0,,ok,
984,DHAWAN HOSPITAL,PANCHKULA,Empanelled Private Hospital,Tertiary,L1,private_all_l1,,30.380538,76.780458,34.24,estimated,0,,ok,
985,GUPTA EYE HOSPITAL,PANCHKULA,Empanelled Private Hospital,Tertiary,L1,private_all_l1,,28.411679,77.314667,49.71,estimated,0,,ok,
986,OJAS SUPER SPECIALITY HOSPITAL,PANCHKULA,Empanelled Private Hospital,Tertiary,L1,private_all_l1,,29.004770,77.069210,29.04,estimated,0,,ok,
987,NETRA EYE HOSPITAL,PANCHKULA,Empanelled Private Hospital,Tertiary,L1,private_all_l1,,29.167280,75.724560,6.41,estimated,0,,ok,
988,PANCHAL HOSPITAL,PANIPAT,Empanelled Private Hospital,Tertiary,L1,private_all_l1,L2,29.716312,75.905678,43.98,real,1,767,ok,
989,CITY HOSPITAL,PANIPAT,Empanelled Private Hospital,Tertiary,L1,private_all_l1,,29.716300,75.905700,36.59,estimated,0,,ok,
990,PANIPAT HEART HOSPITAL,PANIPAT,Empanelled Private Hospital,Tertiary,L1,private_all_l1,L2,28.504107,76.589549,43.60,real,1,525,ok,
991,VARDAAN STONE AND KIDNEY HOSPITAL,PANIPAT,Empanelled Private Hospital,Tertiary,L1,private_all_l1,L2,30.336340,76.844030,20.33,real,1,524,ok,
992,OSCAR SUPER SPECIALITY & TRAUMA CENTRE A UNIT OF OSCAR HEALTH SERVICES,PANIPAT,Empanelled Private Hospital,Tertiary,L1,private_all_l1,L2,29.718954,75.906815,53.10,real,2,523,ok,
993,HEART AND MOTHER CARE HOSPITAL,PANIPAT,Empanelled Private Hospital,Tertiary,L1,private_all_l1,L2,29.361000,75.897600,36.00,real,1,522,ok,
994,CHHABRA HOSPITAL,PANIPAT,Empanelled Private Hospital,Tertiary,L1,private_all_l1,,29.969500,76.878300,30.12,estimated,0,,ok,
995,G C GUPTA HOSPITAL PANIPAT,PANIPAT,Empanelled Private Hospital,Tertiary,L1,private_all_l1,,28.192688,77.312830,59.41,estimated,0,,ok,
996,LALA HARBHAGWAN DASS MEMORIAL DR PREM HOSPITAL,PANIPAT,Empanelled Private Hospital,Tertiary,L1,private_all_l1,L2,29.380680,76.977010,59.43,real,1,481,ok,
997,APEX HOSPITAL,PANIPAT,Empanelled Private Hospital,Tertiary,L1,private_all_l1,,28.913510,76.608040,32.97,estimated,0,,ok,
998,JATINDERA HOSPITAL PANIPAT,PANIPAT,Empanelled Private Hospital,Tertiary,L1,private_all_l1,L2,29.388870,76.990550,33.43,real,1,483,ok,
999,PAWANANJALI HOSPITAL,PANIPAT,Empanelled Private Hospital,Tertiary,L1,private_all_l1,,29.397190,76.970370,48.23,estimated,0,,ok,
1000,RAINBOW HOSPITAL,PANIPAT,Empanelled Private Hospital,Tertiary,L1,private_all_l1,L2,29.388870,76.990640,43.98,real,1,485,ok,
1001,IBM HOSPITAL AND TRAUMA CENTRE,PANIPAT,Empanelled Private Hospital,Tertiary,L1,private_all_l1,L2,29.170150,75.721190,32.64,estimated,0,486,ok,
1002,CYGNUS MAHARAJA AGGERSSAIN HOSPITAL,PANIPAT,Empanelled Private Hospital,Tertiary,L1,private_all_l1,L2,29.387280,76.976390,51.40,real,1,487,ok,
1003,GUPTA EYE HOSPITAL,PANIPAT,Empanelled Private Hospital,Tertiary,L1,private_all_l1,,29.399600,76.973510,26.27,estimated,0,488,ok,
1004,R M ANAND HOSPITAL,PANIPAT,Empanelled Private Hospital,Tertiary,L1,private_all_l1,L2,29.391520,76.956760,12.88,real,1,489,ok,
1005,SAIPRASANN MEDICENTRE AND SATYA CLINIC,PANIPAT,Empanelled Private Hospital,Tertiary,L1,private_all_l1,,30.673250,76.850980,39.92,estimated,0,,ok,
1006,SHOBHIT HOSPITAL,PANIPAT,Empanelled Private Hospital,Tertiary,L1,private_all_l1,L2,29.695070,76.997470,35.75,real,1,491,ok,
1007,DR SOMBIR HOSPITAL,PANIPAT,Empanelled Private Hospital,Tertiary,L1,private_all_l1,,29.403980,76.968460,40.96,estimated,0,,ok,
1008,PAHUJA HOSPITAL,PANIPAT,Empanelled Private Hospital,Tertiary,L1,private_all_l1,,29.391080,76.893460,30.78,estimated,0,,ok,
1009,JINDAL NURSING HOME,PANIPAT,Empanelled Private Hospital,Tertiary,L1,private_all_l1,L3,29.403665,76.970898,55.70,real,1,494,ok,
1010,DR HAWA SINGH CHILDREN HOSPITAL,PANIPAT,Empanelled Private Hospital,Tertiary,L1,private_all_l1,L2,28.478360,76.903870,8.43,real,1,495,ok,
1011,DEVI MURTI HOSPITAL,PANIPAT,Empanelled Private Hospital,Tertiary,L1,private_all_l1,L2,30.172805,76.862395,53.15,real,1,521,ok,
1012,SANKALP HOSPITAL,PANIPAT,Empanelled Private Hospital,Tertiary,L1,private_all_l1,L2,28.069374,76.105592,52.00,real,2,520,ok,
1013,ANGEL CARE HOSPITAL,PANIPAT,Empanelled Private Hospital,Tertiary,L1,private_all_l1,L2,30.160249,76.871468,42.67,estimated,0,519,ok,
1014,DR. NARAYAN DATT HOSPITAL,PANIPAT,Empanelled Private Hospital,Tertiary,L1,private_all_l1,L2,30.375200,76.782100,44.45,real,2,518,ok,
1015,AMAN HOSPITAL,PANIPAT,Empanelled Private Hospital,Tertiary,L1,private_all_l1,L2,29.805970,76.396300,11.23,real,1,517,ok,
1016,MAX PLUS HOSPITAL,PANIPAT,Empanelled Private Hospital,Tertiary,L1,private_all_l1,,29.388210,76.997620,25.72,estimated,0,,ok,
1017,SHRI GURU NANAK HOSPITAL,PANIPAT,Empanelled Private Hospital,Tertiary,L1,private_all_l1,L2,30.698860,76.836050,47.22,estimated,0,515,ok,
1018,DR. SUNIL GUPTA HOSPITAL,PANIPAT,Empanelled Private Hospital,Tertiary,L1,private_all_l1,,29.963510,74.706320,35.19,estimated,0,,ok,
1019,DEV EYE CARE,PANIPAT,Empanelled Private Hospital,Tertiary,L1,private_all_l1,,30.756045,76.907181,41.00,estimated,0,497,ok,
1020,AYUSHMAN BHAV HEALTH INSTITUTE,PANIPAT,Empanelled Private Hospital,Tertiary,L1,private_all_l1,,29.394965,76.958473,37.02,estimated,0,,ok,
1021,ANAND HOSPITAL AND NAVDEEP EYE CENTRE,PANIPAT,Empanelled Private Hospital,Tertiary,L1,private_all_l1,,29.398900,76.877000,6.14,estimated,0,,ok,
1022,MALIK HOSPITAL,PANIPAT,Empanelled Private Hospital,Tertiary,L1,private_all_l1,L2,29.395910,76.959450,27.10,real,1,499,ok,
1023,GALAXY HOSPITAL AND TRAUMA CENTRE,PANIPAT,Empanelled Private Hospital,Tertiary,L1,private_all_l1,L2,29.119710,75.719440,54.63,real,1,500,ok,
1024,A.R. MITTAL HOSPITAL,PANIPAT,Empanelled Private Hospital,Tertiary,L1,private_all_l1,L2,29.533089,75.034688,22.25,real,1,501,ok,
1025,NC MEDICAL COLLEGE AND HOSPITAL ISRANA,PANIPAT,Empanelled Private Hospital,Tertiary,L1,private_all_l1,L1,29.365120,75.906190,56.20,real,2,502,ok,
1026,BAJAJ EYE CENTRE,PANIPAT,Empanelled Private Hospital,Tertiary,L1,private_all_l1,,28.192170,76.619330,48.81,estimated,0,503,ok,
1027,MADAAN HOSPITAL,PANIPAT,Empanelled Private Hospital,Tertiary,L1,private_all_l1,L2,29.397530,76.970880,59.29,estimated,0,504,ok,
1028,DISHA CHILDRENS HOSPITAL & DENTAL CARE CENTER,PANIPAT,Empanelled Private Hospital,Tertiary,L1,private_all_l1,L2,29.394230,76.956920,14.68,real,1,505,ok,
1029,SONI BURNS & PLASTIC SURGERY CENTRE,PANIPAT,Empanelled Private Hospital,Tertiary,L1,private_all_l1,L2,29.388190,76.952906,17.35,real,1,506,ok,
1030,MALHOTRA MOTHER AND CHILD HOSPITAL,PANIPAT,Empanelled Private Hospital,Tertiary,L1,private_all_l1,,29.383580,76.958850,20.47,estimated,0,,ok,
1031,MAGNUS HOSPITAL,PANIPAT,Empanelled Private Hospital,Tertiary,L1,private_all_l1,,30.371278,76.784841,32.79,estimated,0,,ok,
1032,DR.RAVINDERA MATERNITY & GENERAL HOSPITAL,PANIPAT,Empanelled Private Hospital,Tertiary,L1,private_all_l1,L2,28.851220,76.666760,53.73,real,1,508,ok,
1033,PARK HOSPITAL A UNIT OF PARK MEDICITY INDIA PVT LTD,PANIPAT,Empanelled Private Hospital,Tertiary,L1,private_all_l1,,28.377510,77.326010,49.82,estimated,0,,ok,
1034,THE KIDNEY HOSPITAL,PANIPAT,Empanelled Private Hospital,Tertiary,L1,private_all_l1,L2,30.137138,77.296144,26.27,estimated,0,509,ok,
1035,DR SUMIT BONE & JOINT CENTER,PANIPAT,Empanelled Private Hospital,Tertiary,L1,private_all_l1,L2,28.795281,76.153651,60.98,estimated,0,510,ok,
1036,DR PRITAM ARORA ENT CARE CENTRE,PANIPAT,Empanelled Private Hospital,Tertiary,L1,private_all_l1,L2,28.881500,76.627600,29.48,real,1,511,ok,
1037,HYDERABADI GENERAL HOSPITAL & NURSING HOME,PANIPAT,Empanelled Private Hospital,Tertiary,L1,private_all_l1,,29.386520,76.972070,18.30,estimated,0,,ok,
1038,D N HOSPITAL,PANIPAT,Empanelled Private Hospital,Tertiary,L1,private_all_l1,,28.798900,76.143300,37.53,estimated,0,,ok,
1039,ARORA NURSING HOME,REWARI,Empanelled Private Hospital,Tertiary,L1,private_all_l1,,30.129130,77.280490,50.91,estimated,0,,ok,
1040,DHIR VISION CENTER KOSLI,REWARI,Empanelled Private Hospital,Tertiary,L1,private_all_l1,,30.367310,76.788400,20.92,estimated,0,,ok,
1041,DR S P YADAV MULTISPECIALITY HOSPITAL,REWARI,Empanelled Private Hospital,Tertiary,L1,private_all_l1,L2,28.984220,77.015110,30.58,real,1,909,ok,
1042,VIRAT HOSPITALS,REWARI,Empanelled Private Hospital,Tertiary,L1,private_all_l1,L2,28.200180,76.610400,54.33,real,1,981,ok,
1043,NETRUM EYE HOSPITAL,REWARI,Empanelled Private Hospital,Tertiary,L1,private_all_l1,,28.420000,77.350000,49.11,estimated,0,,ok,
1044,MEDICARE HOSPITAL,REWARI,Empanelled Private Hospital,Tertiary,L1,private_all_l1,L2,28.600100,76.271100,46.60,real,1,910,ok,
1045,SHRI BALAJI HOSPITAL,REWARI,Empanelled Private Hospital,Tertiary,L1,private_all_l1,,29.531069,75.035264,57.98,estimated,0,,ok,
1046,RITI EYE CARE HOSPITAL,REWARI,Empanelled Private Hospital,Tertiary,L1,private_all_l1,,28.154438,77.330367,13.38,estimated,0,,ok,
1047,CYGNUS SUPERSPECIALITY HOSPITAL,REWARI,Empanelled Private Hospital,Tertiary,L1,private_all_l1,,28.188840,76.614110,46.61,estimated,0,,ok,
1048,EYE Q VISION PVT LTD,REWARI,Empanelled Private Hospital,Tertiary,L1,private_all_l1,L2,29.814690,76.420520,5.14,estimated,0,1001,ok,
1049,DR R B YADAV HOSPITAL,REWARI,Empanelled Private Hospital,Tertiary,L1,private_all_l1,,28.433330,77.059400,29.22,estimated,0,,ok,
1050,YADUVANSHI HOSPITAL,REWARI,Empanelled Private Hospital,Tertiary,L1,private_all_l1,L2,29.968100,76.890200,50.85,real,1,914,ok,
1051,MATRIKA HOSPITAL PVT LTD,REWARI,Empanelled Private Hospital,Tertiary,L1,private_all_l1,,28.189502,76.614254,34.50,estimated,0,,ok,
1052,VEDANTA HOSPITAL,REWARI,Empanelled Private Hospital,Tertiary,L1,private_all_l1,L2,28.471420,77.072857,53.23,real,1,916,ok,
1053,PUSHPANJALI HOSPITAL,REWARI,Empanelled Private Hospital,Tertiary,L1,private_all_l1,L2,29.969500,76.878300,57.05,real,1,917,ok,
1054,CAPT NANDLAL YADAV HOSPITAL,REWARI,Empanelled Private Hospital,Tertiary,L1,private_all_l1,L2,29.162520,75.708120,56.10,real,1,918,ok,
1055,SAVITRI DEVI HOSPITAL,REWARI,Empanelled Private Hospital,Tertiary,L1,private_all_l1,L2,28.800150,76.141340,31.85,real,1,919,ok,
1056,DEEPHOSPITAL,REWARI,Empanelled Private Hospital,Tertiary,L1,private_all_l1,,30.137100,77.275000,49.46,estimated,0,,ok,
1057,R YADAV SURGICAL AND REKHA EYE HOSPITAL,REWARI,Empanelled Private Hospital,Tertiary,L1,private_all_l1,,28.198649,76.609082,42.81,estimated,0,,ok,
1058,DEV JYOTI HOSPITAL,REWARI,Empanelled Private Hospital,Tertiary,L1,private_all_l1,,30.168090,77.296920,55.79,estimated,0,,ok,
1059,MAARS HOSPITAL AND HEART INSTITUTE,REWARI,Empanelled Private Hospital,Tertiary,L1,private_all_l1,,29.388960,76.959990,49.92,estimated,0,,ok,
1060,SIWACH SANJEEVANI HOSPITAL,ROHTAK,Empanelled Private Hospital,Tertiary,L1,private_all_l1,,29.406100,76.661500,48.84,estimated,0,,ok,
1061,SHREE HOSPITAL ROHTAK,ROHTAK,Empanelled Private Hospital,Tertiary,L1,private_all_l1,L2,30.379653,76.783399,29.70,real,1,656,ok,
1062,MEDSTAR MULTI & SUPER SPECIALITY HOSPITAL,ROHTAK,Empanelled Private Hospital,Tertiary,L1,private_all_l1,L2,28.799046,76.133514,46.07,estimated,0,961,ok,
1063,TRIPTI HOSPITAL & UROLOGY CENTRE,ROHTAK,Empanelled Private Hospital,Tertiary,L1,private_all_l1,,28.065796,76.104179,48.67,estimated,0,,ok,
1064,MK SUPER SPECIALITY HOSPITAL PRIVATE LIMITED,ROHTAK,Empanelled Private Hospital,Tertiary,L1,private_all_l1,L2,28.986931,76.156690,58.03,real,1,658,ok,
1065,ADVANTA SUPER SPECIALITY HOSPITAL,ROHTAK,Empanelled Private Hospital,Tertiary,L1,private_all_l1,L2,29.964430,74.710770,49.53,real,1,659,ok,
1066,EYE Q VISION PVT LTD,ROHTAK,Empanelled Private Hospital,Tertiary,L1,private_all_l1,,29.395070,76.959130,55.87,estimated,0,,ok,
1067,SHIVAM LIVER GASTRO SUPER SPECIALITY HOSPITAL,ROHTAK,Empanelled Private Hospital,Tertiary,L1,private_all_l1,,29.398100,76.965700,29.67,estimated,0,,ok,
1068,NOBLE HEART AND SUPER SPECIALTY HOSPITAL,ROHTAK,Empanelled Private Hospital,Tertiary,L1,private_all_l1,L2,29.137450,75.738560,52.85,real,1,661,ok,
1069,OSCARSUPER SPECIALITY HOSPITAL & TRAUMA CENTER,ROHTAK,Empanelled Private Hospital,Tertiary,L1,private_all_l1,L2,28.185060,77.280240,51.05,real,1,662,ok,
1070,ARS HOLY HEART ADVANCED CARDIAC CARE & RESEARCH CENTRE,ROHTAK,Empanelled Private Hospital,Tertiary,L1,private_all_l1,L1,28.864320,76.592120,49.55,real,1,663,ok,
1071,RATHI EYE HOSPITAL,ROHTAK,Empanelled Private Hospital,Tertiary,L1,private_all_l1,,28.880750,76.626770,35.52,estimated,0,,ok,
1072,ONYX STONES HOSPITAL,ROHTAK,Empanelled Private Hospital,Tertiary,L1,private_all_l1,,28.910940,76.588280,16.81,estimated,0,,ok,
1073,TIRUPATI MULTISPECIALITY HOSPITAL,ROHTAK,Empanelled Private Hospital,Tertiary,L1,private_all_l1,,28.897180,76.609380,29.94,estimated,0,,ok,
1074,OXYGEN HOSPITAL,ROHTAK,Empanelled Private Hospital,Tertiary,L1,private_all_l1,,28.198890,76.624160,43.56,estimated,0,,ok,
1075,ISHWAR EYE CENTRE LLP,ROHTAK,Empanelled Private Hospital,Tertiary,L1,private_all_l1,,28.883450,76.585530,39.93,estimated,0,,ok,
1076,MANN MULTISPECIALITY HOSPITAL,ROHTAK,Empanelled Private Hospital,Tertiary,L1,private_all_l1,L2,28.895040,76.603310,49.88,real,1,666,ok,
1077,BAJAJ EYE CARE HOSPITAL,ROHTAK,Empanelled Private Hospital,Tertiary,L1,private_all_l1,,29.130195,77.018217,43.29,estimated,0,,ok,
1078,HOODA HOSPITAL,ROHTAK,Empanelled Private Hospital,Tertiary,L1,private_all_l1,L2,28.591160,76.277330,39.46,estimated,0,667,ok,
1079,MANSAROVER HOSPITAL,ROHTAK,Empanelled Private Hospital,Tertiary,L1,private_all_l1,L2,28.901650,76.582860,47.13,real,1,668,ok,
1080,SANJEEVANI PLUS HOSPITAL,ROHTAK,Empanelled Private Hospital,Tertiary,L1,private_all_l1,,27.902518,77.364647,47.82,estimated,0,,ok,
1081,JOYLINE MULTISPECIALITY HOSPITAL,ROHTAK,Empanelled Private Hospital,Tertiary,L1,private_all_l1,L2,28.520030,75.946350,35.10,real,1,670,ok,
1082,ISHWAR ORTHOPEADIC AND JOINT REPLACEMENT HOSPITAL,ROHTAK,Empanelled Private Hospital,Tertiary,L1,private_all_l1,,29.971800,76.843300,47.83,estimated,0,,ok,
1083,KAINOS SUPER SPECIALITY HOSPITAL,ROHTAK,Empanelled Private Hospital,Tertiary,L1,private_all_l1,L2,29.805210,76.405440,51.95,estimated,0,672,ok,
1084,M.R. MEMORIAL NAV JEVAN HOSPITAL,ROHTAK,Empanelled Private Hospital,Tertiary,L1,private_all_l1,,29.685690,76.990480,34.46,estimated,0,,ok,
1085,SUNFLAG GLOBAL HOSPITAL,ROHTAK,Empanelled Private Hospital,Tertiary,L1,private_all_l1,,29.541540,75.030860,34.14,estimated,0,,ok,
1086,WE CARE MULTISPECIALITY HOSPITAL,ROHTAK,Empanelled Private Hospital,Tertiary,L1,private_all_l1,L2,30.402060,76.786580,51.53,real,1,675,ok,
1087,APEX PLUS SUPERSPECIALTY HOSPITAL,ROHTAK,Empanelled Private Hospital,Tertiary,L1,private_all_l1,,28.785904,76.147182,61.18,estimated,0,,ok,
1088,PRAGATI HOSPITAL,ROHTAK,Empanelled Private Hospital,Tertiary,L1,private_all_l1,,28.893170,76.608624,37.25,estimated,0,,ok,
1089,KHURANA EYE CENTRE,ROHTAK,Empanelled Private Hospital,Tertiary,L1,private_all_l1,,29.330700,75.633100,36.78,estimated,0,,ok,
1090,HOLY HEART SUPER SPECIALITY & TRAUMA CENTRE,ROHTAK,Empanelled Private Hospital,Tertiary,L1,private_all_l1,L2,28.895515,76.606613,49.69,real,2,59;678;960,ok,
1091,ANAND EYE HOSPITAL,ROHTAK,Empanelled Private Hospital,Tertiary,L1,private_all_l1,,29.316668,76.316666,47.96,estimated,0,,ok,
1092,ROHTAK CANCER CARE HOSPITAL& RESEARCH CENTRE,ROHTAK,Empanelled Private Hospital,Tertiary,L1,private_all_l1,,29.971840,76.843440,23.27,estimated,0,,ok,
1093,HRIDAYA NILAYAM,ROHTAK,Empanelled Private Hospital,Tertiary,L1,private_all_l1,,29.534419,75.033586,29.15,estimated,0,,ok,
1094,DR JALES LIFE CARE HOSPITAL,ROHTAK,Empanelled Private Hospital,Tertiary,L1,private_all_l1,,28.867100,75.915800,43.64,estimated,0,,ok,
1095,JEEVAN JYOTI HOSPITAL,SIRSA,Empanelled Private Hospital,Tertiary,L1,private_all_l1,L2,29.685629,76.990547,4.85,real,3,39;57;807,ok,
1096,DUDI HOSPITAL,SIRSA,Empanelled Private Hospital,Tertiary,L1,private_all_l1,L2,29.716300,75.905700,30.28,real,1,526;808,ok,
1097,JAI BALAJI MULTISPECIALTY HOSPITAL,SIRSA,Empanelled Private Hospital,Tertiary,L1,private_all_l1,L2,29.531069,75.035264,44.90,real,3,809;911,ok,
1098,ASHIRWAD MULTI SPECIALITY HOSPITAL,SIRSA,Empanelled Private Hospital,Tertiary,L1,private_all_l1,L2,29.970100,74.704300,47.30,real,1,810,ok,
1099,KARWASRABONEANDJOINTHOSPITAL,SIRSA,Empanelled Private Hospital,Tertiary,L1,private_all_l1,L2,29.388551,76.997571,33.30,real,1,983,ok,
1100,JAIN ORTHOPEDIC AND MULTISPECIALTY HOSPITAL,SIRSA,Empanelled Private Hospital,Tertiary,L1,private_all_l1,L2,28.885500,76.613900,32.48,real,1,812,ok,
1101,SANJIVANI HOSPITAL,SIRSA,Empanelled Private Hospital,Tertiary,L1,private_all_l1,,28.433330,77.059400,56.50,estimated,0,,ok,
1102,EYE Q VISION PVT LTD,SIRSA,Empanelled Private Hospital,Tertiary,L1,private_all_l1,,29.534130,75.039340,36.31,estimated,0,,ok,
1103,POONIA HOSPITAL,SIRSA,Empanelled Private Hospital,Tertiary,L1,private_all_l1,L2,28.433330,77.059400,48.52,real,2,309;813;913,ok,
1104,TALWAR HOSPITAL IVF CENTRE,SIRSA,Empanelled Private Hospital,Tertiary,L1,private_all_l1,,29.392730,76.955660,23.05,estimated,0,,ok,
1105,SHREE HOSPITAL,SIRSA,Empanelled Private Hospital,Tertiary,L1,private_all_l1,L2,29.534470,75.041220,44.55,real,1,815,ok,
1106,SIRSA ENT HOSPITAL AND LASER SURGERY CENTRE,SIRSA,Empanelled Private Hospital,Tertiary,L1,private_all_l1,,29.545630,75.028040,31.50,estimated,0,,ok,
1107,APEX HOSPITAL AND RESEARCH CENTRE,SIRSA,Empanelled Private Hospital,Tertiary,L1,private_all_l1,L1,29.534510,75.033670,29.30,real,1,816,ok,
1108,SHREE BALAJI HOSPITAL,SIRSA,Empanelled Private Hospital,Tertiary,L1,private_all_l1,L2,28.661620,76.684990,42.60,real,1,817,ok,
1109,SHAH SATNAM JI SPECIALITY HOSPITALS,SIRSA,Empanelled Private Hospital,Tertiary,L1,private_all_l1,L2,29.537450,75.033160,55.90,real,1,818,ok,
1110,BANSAL HOSPITAL,SIRSA,Empanelled Private Hospital,Tertiary,L1,private_all_l1,,29.399520,76.970970,31.08,estimated,0,,ok,
1111,MOHAR SINGH SURGICAL AND MATERNITY HOSPITAL,SIRSA,Empanelled Private Hospital,Tertiary,L1,private_all_l1,L2,30.155003,77.308318,40.33,real,1,820,ok,
1112,SHREE SWASTIK HOSPITAL,SIRSA,Empanelled Private Hospital,Tertiary,L1,private_all_l1,L2,28.870000,75.910000,30.28,real,2,821,ok,
1113,SURAKSHA MULTISPECIALITY HOSPITAL,SIRSA,Empanelled Private Hospital,Tertiary,L1,private_all_l1,,28.607111,76.656914,56.29,estimated,0,,ok,
1114,ORTHOHEAL HOSPITAL,SIRSA,Empanelled Private Hospital,Tertiary,L1,private_all_l1,,29.532410,75.034730,40.89,estimated,0,,ok,
1115,CITY HEALTHCARE & NEURO RESEARCH CENTRE,SIRSA,Empanelled Private Hospital,Tertiary,L1,private_all_l1,L1,29.707354,77.003295,50.80,real,1,824,ok,
1116,AZAD SURGICALHOSPITAL,SIRSA,Empanelled Private Hospital,Tertiary,L1,private_all_l1,,29.092800,75.968993,59.54,estimated,0,,ok,
1117,AMIT WASIL EYE HOSPITAL,SIRSA,Empanelled Private Hospital,Tertiary,L1,private_all_l1,,29.543310,75.027840,29.75,estimated,0,,ok,
1118,SHRI SHYAM HOSPITAL & MATERNITY HOME,SIRSA,Empanelled Private Hospital,Tertiary,L1,private_all_l1,L2,29.543072,75.028231,26.98,estimated,0,893,ok,
1119,RAKSHIT HOSPITAL,SIRSA,Empanelled Private Hospital,Tertiary,L1,private_all_l1,L2,29.149200,75.721700,30.98,real,1,826,ok,
1120,PARAS BONE JOINT AND GENERAL HOSPITAL,SIRSA,Empanelled Private Hospital,Tertiary,L1,private_all_l1,L2,29.685700,76.990500,40.50,real,1,827,ok,
1121,SHIVAM HOSPITAL,SIRSA,Empanelled Private Hospital,Tertiary,L1,private_all_l1,L2,29.397475,76.966600,47.93,real,1,828,ok,
1122,VISION CARE EYE HOSPITAL,SIRSA,Empanelled Private Hospital,Tertiary,L1,private_all_l1,,28.450200,77.032790,15.89,estimated,0,,ok,
1123,ASTHA HOSPITAL,SIRSA,Empanelled Private Hospital,Tertiary,L1,private_all_l1,L2,28.680207,76.940011,54.70,real,3,829,ok,
1124,TIRUPATI KIDNEY & LASER HOSPITAL,SIRSA,Empanelled Private Hospital,Tertiary,L1,private_all_l1,,28.896410,76.599270,31.45,estimated,0,,ok,
1125,BAGLA EYE HOSPITAL,SIRSA,Empanelled Private Hospital,Tertiary,L1,private_all_l1,,29.542370,75.029250,1.49,estimated,0,,ok,
1126,MEDICITI A MULTISPECIALITY HOSPITAL,SIRSA,Empanelled Private Hospital,Tertiary,L1,private_all_l1,L2,29.323280,76.457580,47.05,real,1,830,ok,
1127,SPS HOSPITAL,SIRSA,Empanelled Private Hospital,Tertiary,L1,private_all_l1,L2,29.542570,75.029980,52.15,real,1,831,ok,
1128,VIVEK EYE HOSPITAL,SIRSA,Empanelled Private Hospital,Tertiary,L1,private_all_l1,,29.384270,76.951930,41.35,estimated,0,,ok,
1129,BOMBAY HOSPITAL,SIRSA,Empanelled Private Hospital,Tertiary,L1,private_all_l1,,29.390760,76.955440,34.32,estimated,0,,ok,
1130,SIGMA HOSPITAL,SIRSA,Empanelled Private Hospital,Tertiary,L1,private_all_l1,L2,28.268347,76.150932,24.18,real,1,832,ok,
1131,KHURANA HOSPITAL AND IVF CENTRE,SIRSA,Empanelled Private Hospital,Tertiary,L1,private_all_l1,,28.800150,76.145680,34.39,estimated,0,,ok,
1132,DR. PRAVEEN EYE HOSPITAL & RESEARCH CENTRE,SIRSA,Empanelled Private Hospital,Tertiary,L1,private_all_l1,,28.911142,76.590814,43.43,estimated,0,,ok,
1133,MD VARDAAN HOSPITAL,SIRSA,Empanelled Private Hospital,Tertiary,L1,private_all_l1,L2,29.534104,75.039835,51.93,real,1,833,ok,
1134,CARE HOSPITAL,SIRSA,Empanelled Private Hospital,Tertiary,L1,private_all_l1,L2,29.535491,75.033360,36.03,real,1,834,ok,
1135,HOLY NURSING HOME,SIRSA,Empanelled Private Hospital,Tertiary,L1,private_all_l1,L3,28.880751,76.626768,18.40,real,1,884,ok,
1136,BIKANER NURSING HOME,SIRSA,Empanelled Private Hospital,Tertiary,L1,private_all_l1,L3,29.538490,75.032290,35.55,real,1,886,ok,
1137,MANDEEP HEART HOSPITAL,SIRSA,Empanelled Private Hospital,Tertiary,L1,private_all_l1,L2,29.536850,75.023520,36.85,real,1,835,ok,
1138,TOMAR NURSING HOME,SIRSA,Empanelled Private Hospital,Tertiary,L1,private_all_l1,,29.384888,76.971774,64.10,estimated,0,,ok,
1139,D.M.C. HOSPITAL,SIRSA,Empanelled Private Hospital,Tertiary,L1,private_all_l1,L2,29.097185,75.963741,27.03,real,1,885,ok,
1140,CHAUDHARY ORTHOPEDIC AND GENERAL HOSPITAL,SIRSA,Empanelled Private Hospital,Tertiary,L1,private_all_l1,,29.537250,75.033139,42.74,estimated,0,,ok,
1141,NEERAJ HOSPITAL,SIRSA,Empanelled Private Hospital,Tertiary,L1,private_all_l1,L2,29.974100,76.878600,32.75,real,1,837,ok,
1142,GILL HOSPITAL,SIRSA,Empanelled Private Hospital,Tertiary,L1,private_all_l1,L2,29.132502,75.740970,44.23,real,2,838,ok,
1143,SUKHMANI HOSPITAL,SIRSA,Empanelled Private Hospital,Tertiary,L1,private_all_l1,L2,28.393024,77.304042,19.88,real,1,839,ok,
1144,R K EYE HOSPITAL,SONIPAT,Empanelled Private Hospital,Tertiary,L1,private_all_l1,,29.151861,75.721123,27.60,estimated,0,,ok,
1145,TULIP MULTISPECIALITY HOSPITAL PVT. LTD .,SONIPAT,Empanelled Private Hospital,Tertiary,L1,private_all_l1,,28.991520,77.034300,28.10,estimated,0,,ok,
1146,KRISHNAWATI HOSPITAL,SONIPAT,Empanelled Private Hospital,Tertiary,L1,private_all_l1,,29.532076,75.034187,51.11,estimated,0,,ok,
1147,ARISTO HOSPITAL AND TRAUMA CARE CENTRE,SONIPAT,Empanelled Private Hospital,Tertiary,L1,private_all_l1,,29.000620,77.007520,55.04,estimated,0,,ok,
1148,DAHIYA EYE AND MATERNITY HOSPITAL,SONIPAT,Empanelled Private Hospital,Tertiary,L1,private_all_l1,,28.798320,76.144170,38.40,estimated,0,,ok,
1149,HANDA HOSPITAL AND HEART CARE CENTRE,SONIPAT,Empanelled Private Hospital,Tertiary,L1,private_all_l1,,30.139770,77.281700,10.98,estimated,0,,ok,
1150,CYGNUS JK HINDU HOSPITAL,SONIPAT,Empanelled Private Hospital,Tertiary,L1,private_all_l1,,28.993800,77.016200,35.32,estimated,0,,ok,
1151,EYE Q VISION PVT LTD,SONIPAT,Empanelled Private Hospital,Tertiary,L1,private_all_l1,,29.515968,75.448207,29.36,estimated,0,,ok,
1152,RAMA HOSPITAL,SONIPAT,Empanelled Private Hospital,Tertiary,L1,private_all_l1,,29.542560,75.030090,35.16,estimated,0,,ok,
1153,ARYA EYE HOSPITAL,SONIPAT,Empanelled Private Hospital,Tertiary,L1,private_all_l1,,28.963490,77.085560,38.34,estimated,0,,ok,
1154,MOOLCHAND JAIN HOSPITAL,SONIPAT,Empanelled Private Hospital,Tertiary,L1,private_all_l1,,28.983280,77.021120,23.94,estimated,0,,ok,
1155,CHAUHAN HOSPITAL,SONIPAT,Empanelled Private Hospital,Tertiary,L1,private_all_l1,,29.135400,77.020840,52.89,estimated,0,,ok,
1156,SITA HOSPITAL,SONIPAT,Empanelled Private Hospital,Tertiary,L1,private_all_l1,,28.800230,76.142380,31.88,estimated,0,,ok,
1157,GAJRAJ HOSPITAL,SONIPAT,Empanelled Private Hospital,Tertiary,L1,private_all_l1,,28.364991,77.329593,34.82,estimated,0,,ok,
1158,NEST HOSPITAL,SONIPAT,Empanelled Private Hospital,Tertiary,L1,private_all_l1,,29.132240,76.699130,38.33,estimated,0,,ok,
1159,SWARNPRASTHA HOSPITAL,SONIPAT,Empanelled Private Hospital,Tertiary,L1,private_all_l1,,29.394430,76.958470,29.00,estimated,0,,ok,
1160,ABHISHEK MEMORIAL HOSPITAL,SONIPAT,Empanelled Private Hospital,Tertiary,L1,private_all_l1,,30.129973,77.267452,16.39,estimated,0,,ok,
1161,BHATIYA MULTISPECIALITY HOSPITAL,SONIPAT,Empanelled Private Hospital,Tertiary,L1,private_all_l1,,30.389414,76.791828,38.17,estimated,0,,ok,
1162,RANA HOSPITAL,SONIPAT,Empanelled Private Hospital,Tertiary,L1,private_all_l1,,29.167590,75.718780,44.68,estimated,0,,ok,
1163,GIRDHAR HOSPITAL,SONIPAT,Empanelled Private Hospital,Tertiary,L1,private_all_l1,,29.390007,76.969993,28.47,estimated,0,,ok,
1164,MAHARAJA AGAR SAIN HOSPITAL,SONIPAT,Empanelled Private Hospital,Tertiary,L1,private_all_l1,,29.380560,76.971310,55.46,estimated,0,,ok,
1165,SMT JAI DEVI MEMORIAL NURSING HOME,SONIPAT,Empanelled Private Hospital,Tertiary,L1,private_all_l1,,29.276980,76.851910,51.75,estimated,0,,ok,
1166,RAI MULTISPECIALITY HOSPITAL,SONIPAT,Empanelled Private Hospital,Tertiary,L1,private_all_l1,,28.399390,77.306020,39.94,estimated,0,,ok,
1167,DAYANAND HOSPITAL AND CRITICAL CARE CENTRE,SONIPAT,Empanelled Private Hospital,Tertiary,L1,private_all_l1,,30.685580,76.840710,40.44,estimated,0,,ok,
1168,HARYANA MULTISPECIALITY HOSPITAL,SONIPAT,Empanelled Private Hospital,Tertiary,L1,private_all_l1,,30.711998,76.849507,55.46,estimated,0,,ok,
1169,BHAGWAN DAS HOSPITAL,SONIPAT,Empanelled Private Hospital,Tertiary,L1,private_all_l1,,30.381860,76.785230,41.39,estimated,0,,ok,
1170,SUSHANTI EYE HOSPITAL,SONIPAT,Empanelled Private Hospital,Tertiary,L1,private_all_l1,,29.135330,76.710940,55.47,estimated,0,,ok,
1171,VIKRAM HOSPITAL,Yamuna Nagar,Empanelled Private Hospital,Tertiary,L1,private_all_l1,L2,29.138407,76.693245,20.18,real,1,596,ok,
1172,SUDHIR HOSPITAL,Yamuna Nagar,Empanelled Private Hospital,Tertiary,L1,private_all_l1,L2,30.129048,77.267390,37.94,real,2,161;597,ok,
1173,RAJ HOSPITAL,Yamuna Nagar,Empanelled Private Hospital,Tertiary,L1,private_all_l1,L2,29.151861,75.721123,38.63,real,1,598,ok,
1174,SABBARWAL HOSPITAL,Yamuna Nagar,Empanelled Private Hospital,Tertiary,L1,private_all_l1,L2,28.835600,76.544000,21.65,real,1,593,ok,
1175,SWAMI VIVEKANAND MULTISPECIALITY HOSPITAL,Yamuna Nagar,Empanelled Private Hospital,Tertiary,L1,private_all_l1,L2,28.978390,77.026390,53.28,real,1,599,ok,
1176,MAHENDRA HOSPITAL,Yamuna Nagar,Empanelled Private Hospital,Tertiary,L1,private_all_l1,L2,30.129470,77.289140,25.03,real,1,580,ok,
1177,EYE Q VISION PVT LTD,Yamuna Nagar,Empanelled Private Hospital,Tertiary,L1,private_all_l1,,28.450200,77.032790,24.70,estimated,0,,ok,
1178,N K UROLOGY CENTRE AND STONE CLINIC,Yamuna Nagar,Empanelled Private Hospital,Tertiary,L1,private_all_l1,,28.978480,77.026880,53.85,estimated,0,,ok,
1179,GOEL HOSPITAL,Yamuna Nagar,Empanelled Private Hospital,Tertiary,L1,private_all_l1,L2,29.971940,76.843610,32.88,real,1,581,ok,
1180,GABA HOSPITAL,Yamuna Nagar,Empanelled Private Hospital,Tertiary,L1,private_all_l1,L2,30.147700,77.304700,53.28,real,2,612,ok,
1181,GARG ENT HOSPITAL,Yamuna Nagar,Empanelled Private Hospital,Tertiary,L1,private_all_l1,,30.147223,77.290094,34.10,estimated,0,,ok,
1182,KAPIL HOSPITAL,Yamuna Nagar,Empanelled Private Hospital,Tertiary,L1,private_all_l1,L2,30.168090,77.296920,37.43,real,2,582;921,ok,
1183,AGGARWAL HOSPITAL,Yamuna Nagar,Empanelled Private Hospital,Tertiary,L1,private_all_l1,L2,29.388830,76.984040,54.58,real,1,583,ok,
1184,GOYAL  EYE  CARE  CENTRE JAGADHRI,Yamuna Nagar,Empanelled Private Hospital,Tertiary,L1,private_all_l1,,30.147982,77.305415,55.74,estimated,0,,ok,
1185,GULATI HOSPITAL,Yamuna Nagar,Empanelled Private Hospital,Tertiary,L1,private_all_l1,L2,29.398740,76.974270,29.35,real,1,602,ok,
1186,VISHAL HOSPITAL,Yamuna Nagar,Empanelled Private Hospital,Tertiary,L1,private_all_l1,L2,30.137270,77.277760,31.98,real,1,603,ok,
1187,KOHLI HOSPITAL,Yamuna Nagar,Empanelled Private Hospital,Tertiary,L1,private_all_l1,L2,29.682400,76.996500,26.70,real,1,585,ok,
1188,VARDAAN HOSPITAL,Yamuna Nagar,Empanelled Private Hospital,Tertiary,L1,private_all_l1,L2,28.705130,76.937870,37.35,real,1,586,ok,
1189,K B GUPTA HOSPITAL,Yamuna Nagar,Empanelled Private Hospital,Tertiary,L1,private_all_l1,L2,28.607111,76.656914,45.52,real,2,594;822,ok,
1190,SHREE MEDICAL CARE CENTRE,Yamuna Nagar,Empanelled Private Hospital,Tertiary,L1,private_all_l1,L1,28.274283,76.969443,23.80,real,1,587,ok,
1191,SANTOSH HOSPITAL,Yamuna Nagar,Empanelled Private Hospital,Tertiary,L1,private_all_l1,L2,28.895520,76.606610,46.08,real,1,604,ok,
1192,JINDAL HOSPITAL A UNIT OF JINDAL LIFECARE P,Yamuna Nagar,Empanelled Private Hospital,Tertiary,L1,private_all_l1,L2,28.514099,75.945515,35.40,real,1,588,ok,
1193,SP INFERTILITY AND SURGICAL CENTER PVT LTD,Yamuna Nagar,Empanelled Private Hospital,Tertiary,L1,private_all_l1,,29.537110,75.032590,40.05,estimated,0,,ok,
1194,SHARMA HOSPITAL,Yamuna Nagar,Empanelled Private Hospital,Tertiary,L1,private_all_l1,L2,30.159665,77.314545,47.13,real,2,590,ok,
1195,DABRA HOSPITAL,Yamuna Nagar,Empanelled Private Hospital,Tertiary,L1,private_all_l1,L2,29.161220,75.777660,37.73,real,1,605,ok,
1196,CAPITAL SUPERSPECIALITY HOSPITAL,Yamuna Nagar,Empanelled Private Hospital,Tertiary,L1,private_all_l1,,29.145600,75.726050,51.96,estimated,0,,ok,
1197,AASHIRWAD HOSPITAL,Yamuna Nagar,Empanelled Private Hospital,Tertiary,L1,private_all_l1,L2,29.131330,75.742590,29.50,real,1,606,ok,
1198,NEO MEDICARE,Yamuna Nagar,Empanelled Private Hospital,Tertiary,L1,private_all_l1,L2,29.135140,75.741570,43.90,real,1,607,ok,
1199,PARAS HOSPITAL,Yamuna Nagar,Empanelled Private Hospital,Tertiary,L1,private_all_l1,,29.536949,75.026805,33.20,estimated,0,,ok,
1200,RK GUPTA HOSPITAL,Yamuna Nagar,Empanelled Private Hospital,Tertiary,L1,private_all_l1,L2,28.607352,76.653324,37.15,real,1,609,ok,
1201,VIGHNESH HOSPITAL,Yamuna Nagar,Empanelled Private Hospital,Tertiary,L1,private_all_l1,L2,29.427504,76.975216,31.20,real,1,595,ok,
1202,ADVANCED EYE HOSPITAL,Yamuna Nagar,Empanelled Private Hospital,Tertiary,L1,private_all_l1,,30.168842,77.290032,43.89,estimated,0,,ok,
1203,CHADHA HOSPITAL,Yamuna Nagar,Empanelled Private Hospital,Tertiary,L1,private_all_l1,L2,29.328073,76.301656,32.48,real,1,611,ok,
1204,ISHAAN HOSPITAL,Yamuna Nagar,Empanelled Private Hospital,Tertiary,L1,private_all_l1,L2,29.536594,75.024197,5.38,real,1,591,ok,
1205,PHC MIRGHAN,Karnal,PHC,Primary,L3,spec_type,,29.640897,77.050430,13.50,estimated,0,,ok,
1206,PHC BAROT,Kurukshetra,PHC,Primary,L3,spec_type,,29.961343,77.017072,22.60,estimated,0,,ok,
1207,PHC KHAMBI,Palwal,PHC,Primary,L3,spec_type,,27.962979,77.404046,9.78,estimated,0,,ok,
1208,PHC LILODH,Rewari,PHC,Primary,L3,spec_type,L3,28.456405,76.400270,0.55,real,1,907,ok,
